timestamp,total
"20180605_0000",215
"20180605_0001",213
"20180605_0002",200
"20180605_0003",232
"20180605_0004",226
"20180605_0005",226
"20180605_0006",274
"20180605_0007",215
"20180605_0008",226
"20180605_0009",235
"20180605_0010",207
"20180605_0011",218
"20180605_0012",202
"20180605_0013",193
"20180605_0014",213
"20180605_0015",204
"20180605_0016",202
"20180605_0017",202
"20180605_0018",235
"20180605_0019",175
"20180605_0020",162
"20180605_0021",196
"20180605_0022",155
"20180605_0023",159
"20180605_0024",175
"20180605_0025",180
"20180605_0026",177
"20180605_0027",170
"20180605_0028",175
"20180605_0029",142
"20180605_0030",178
"20180605_0031",157
"20180605_0032",149
"20180605_0033",167
"20180605_0034",164
"20180605_0035",141
"20180605_0036",151
"20180605_0037",146
"20180605_0038",148
"20180605_0039",115
"20180605_0040",133
"20180605_0041",149
"20180605_0042",136
"20180605_0043",139
"20180605_0044",133
"20180605_0045",135
"20180605_0046",98
"20180605_0047",135
"20180605_0048",121
"20180605_0049",133
"20180605_0050",133
"20180605_0051",127
"20180605_0052",135
"20180605_0053",122
"20180605_0054",94
"20180605_0055",136
"20180605_0056",112
"20180605_0057",110
"20180605_0058",103
"20180605_0059",76
"20180605_0100",126
"20180605_0101",120
"20180605_0102",118
"20180605_0103",105
"20180605_0104",82
"20180605_0105",106
"20180605_0106",106
"20180605_0107",99
"20180605_0108",100
"20180605_0109",117
"20180605_0110",114
"20180605_0111",86
"20180605_0112",89
"20180605_0113",92
"20180605_0114",81
"20180605_0115",88
"20180605_0116",92
"20180605_0117",70
"20180605_0118",91
"20180605_0119",82
"20180605_0120",87
"20180605_0121",85
"20180605_0122",87
"20180605_0123",93
"20180605_0124",92
"20180605_0125",106
"20180605_0126",68
"20180605_0127",73
"20180605_0128",79
"20180605_0129",84
"20180605_0130",91
"20180605_0131",67
"20180605_0132",203
"20180605_0133",234
"20180605_0134",285
"20180605_0135",251
"20180605_0136",220
"20180605_0137",217
"20180605_0138",240
"20180605_0139",262
"20180605_0140",251
"20180605_0141",323
"20180605_0142",233
"20180605_0143",286
"20180605_0144",254
"20180605_0145",167
"20180605_0146",194
"20180605_0147",162
"20180605_0148",136
"20180605_0149",184
"20180605_0150",148
"20180605_0151",130
"20180605_0152",157
"20180605_0153",174
"20180605_0154",152
"20180605_0155",184
"20180605_0156",117
"20180605_0157",74
"20180605_0158",67
"20180605_0159",68
"20180605_0200",92
"20180605_0201",68
"20180605_0202",69
"20180605_0203",65
"20180605_0204",61
"20180605_0205",81
"20180605_0206",94
"20180605_0207",84
"20180605_0208",76
"20180605_0209",67
"20180605_0210",60
"20180605_0211",39
"20180605_0212",35
"20180605_0213",37
"20180605_0214",55
"20180605_0215",36
"20180605_0216",34
"20180605_0217",47
"20180605_0218",40
"20180605_0219",43
"20180605_0220",44
"20180605_0221",34
"20180605_0222",45
"20180605_0223",47
"20180605_0224",40
"20180605_0225",42
"20180605_0226",41
"20180605_0227",25
"20180605_0228",50
"20180605_0229",37
"20180605_0230",43
"20180605_0231",60
"20180605_0232",493
"20180605_0233",352
"20180605_0234",46
"20180605_0235",38
"20180605_0236",34
"20180605_0237",32
"20180605_0238",35
"20180605_0239",42
"20180605_0240",40
"20180605_0241",45
"20180605_0242",28
"20180605_0243",26
"20180605_0244",36
"20180605_0245",44
"20180605_0246",32
"20180605_0247",33
"20180605_0248",32
"20180605_0249",43
"20180605_0250",40
"20180605_0251",48
"20180605_0252",36
"20180605_0253",40
"20180605_0254",29
"20180605_0255",26
"20180605_0256",28
"20180605_0257",31
"20180605_0258",18
"20180605_0259",30
"20180605_0300",44
"20180605_0301",47
"20180605_0302",57
"20180605_0303",55
"20180605_0304",55
"20180605_0305",58
"20180605_0306",58
"20180605_0307",54
"20180605_0308",44
"20180605_0309",35
"20180605_0310",34
"20180605_0311",38
"20180605_0312",18
"20180605_0313",24
"20180605_0314",26
"20180605_0315",21
"20180605_0316",26
"20180605_0317",36
"20180605_0318",24
"20180605_0319",33
"20180605_0320",28
"20180605_0321",32
"20180605_0322",29
"20180605_0323",33
"20180605_0324",23
"20180605_0325",27
"20180605_0326",32
"20180605_0327",36
"20180605_0328",25
"20180605_0329",25
"20180605_0330",20
"20180605_0331",27
"20180605_0332",68
"20180605_0333",68
"20180605_0334",68
"20180605_0335",62
"20180605_0336",77
"20180605_0337",30
"20180605_0338",211
"20180605_0339",202
"20180605_0340",239
"20180605_0341",290
"20180605_0342",191
"20180605_0343",264
"20180605_0344",346
"20180605_0345",170
"20180605_0346",260
"20180605_0347",186
"20180605_0348",137
"20180605_0349",210
"20180605_0350",168
"20180605_0351",29
"20180605_0352",33
"20180605_0353",27
"20180605_0354",22
"20180605_0355",17
"20180605_0356",17
"20180605_0357",27
"20180605_0358",38
"20180605_0359",27
"20180605_0400",42
"20180605_0401",53
"20180605_0402",47
"20180605_0403",42
"20180605_0404",56
"20180605_0405",47
"20180605_0406",45
"20180605_0407",33
"20180605_0408",36
"20180605_0409",28
"20180605_0410",31
"20180605_0411",26
"20180605_0412",21
"20180605_0413",21
"20180605_0414",30
"20180605_0415",16
"20180605_0416",28
"20180605_0417",23
"20180605_0418",21
"20180605_0419",30
"20180605_0420",26
"20180605_0421",30
"20180605_0422",24
"20180605_0423",29
"20180605_0424",25
"20180605_0425",27
"20180605_0426",31
"20180605_0427",27
"20180605_0428",31
"20180605_0429",36
"20180605_0430",130
"20180605_0431",361
"20180605_0432",528
"20180605_0433",416
"20180605_0434",35
"20180605_0435",27
"20180605_0436",19
"20180605_0437",32
"20180605_0438",25
"20180605_0439",28
"20180605_0440",37
"20180605_0441",30
"20180605_0442",24
"20180605_0443",31
"20180605_0444",38
"20180605_0445",37
"20180605_0446",29
"20180605_0447",28
"20180605_0448",26
"20180605_0449",33
"20180605_0450",32
"20180605_0451",41
"20180605_0452",41
"20180605_0453",44
"20180605_0454",51
"20180605_0455",26
"20180605_0456",42
"20180605_0457",37
"20180605_0458",41
"20180605_0459",36
"20180605_0500",45
"20180605_0501",54
"20180605_0502",49
"20180605_0503",64
"20180605_0504",45
"20180605_0505",58
"20180605_0506",57
"20180605_0507",54
"20180605_0508",28
"20180605_0509",37
"20180605_0510",49
"20180605_0511",44
"20180605_0512",43
"20180605_0513",46
"20180605_0514",44
"20180605_0515",43
"20180605_0516",55
"20180605_0517",60
"20180605_0518",55
"20180605_0519",58
"20180605_0520",49
"20180605_0521",50
"20180605_0522",44
"20180605_0523",59
"20180605_0524",52
"20180605_0525",60
"20180605_0526",203
"20180605_0527",103
"20180605_0528",61
"20180605_0529",59
"20180605_0530",64
"20180605_0531",255
"20180605_0532",662
"20180605_0533",645
"20180605_0534",678
"20180605_0535",714
"20180605_0536",725
"20180605_0537",777
"20180605_0538",761
"20180605_0539",757
"20180605_0540",565
"20180605_0541",300
"20180605_0542",77
"20180605_0543",61
"20180605_0544",87
"20180605_0545",94
"20180605_0546",82
"20180605_0547",102
"20180605_0548",84
"20180605_0549",90
"20180605_0550",80
"20180605_0551",96
"20180605_0552",87
"20180605_0553",89
"20180605_0554",85
"20180605_0555",83
"20180605_0556",101
"20180605_0557",95
"20180605_0558",105
"20180605_0559",102
"20180605_0600",125
"20180605_0601",145
"20180605_0602",145
"20180605_0603",119
"20180605_0604",114
"20180605_0605",152
"20180605_0606",137
"20180605_0607",145
"20180605_0608",152
"20180605_0609",195
"20180605_0610",161
"20180605_0611",175
"20180605_0612",175
"20180605_0613",174
"20180605_0614",185
"20180605_0615",202
"20180605_0616",167
"20180605_0617",199
"20180605_0618",175
"20180605_0619",227
"20180605_0620",219
"20180605_0621",197
"20180605_0622",203
"20180605_0623",223
"20180605_0624",209
"20180605_0625",229
"20180605_0626",226
"20180605_0627",282
"20180605_0628",266
"20180605_0629",233
"20180605_0630",608
"20180605_0631",655
"20180605_0632",276
"20180605_0633",267
"20180605_0634",300
"20180605_0635",297
"20180605_0636",297
"20180605_0637",342
"20180605_0638",307
"20180605_0639",308
"20180605_0640",303
"20180605_0641",351
"20180605_0642",361
"20180605_0643",359
"20180605_0644",358
"20180605_0645",339
"20180605_0646",383
"20180605_0647",369
"20180605_0648",388
"20180605_0649",434
"20180605_0650",375
"20180605_0651",414
"20180605_0652",403
"20180605_0653",421
"20180605_0654",429
"20180605_0655",414
"20180605_0656",422
"20180605_0657",486
"20180605_0658",451
"20180605_0659",489
"20180605_0700",516
"20180605_0701",536
"20180605_0702",504
"20180605_0703",571
"20180605_0704",536
"20180605_0705",566
"20180605_0706",563
"20180605_0707",578
"20180605_0708",580
"20180605_0709",612
"20180605_0710",620
"20180605_0711",633
"20180605_0712",594
"20180605_0713",606
"20180605_0714",631
"20180605_0715",616
"20180605_0716",643
"20180605_0717",651
"20180605_0718",668
"20180605_0719",670
"20180605_0720",666
"20180605_0721",703
"20180605_0722",706
"20180605_0723",748
"20180605_0724",710
"20180605_0725",742
"20180605_0726",706
"20180605_0727",748
"20180605_0728",713
"20180605_0729",772
"20180605_0730",755
"20180605_0731",777
"20180605_0732",787
"20180605_0733",870
"20180605_0734",776
"20180605_0735",808
"20180605_0736",791
"20180605_0737",835
"20180605_0738",865
"20180605_0739",857
"20180605_0740",895
"20180605_0741",902
"20180605_0742",885
"20180605_0743",840
"20180605_0744",924
"20180605_0745",926
"20180605_0746",925
"20180605_0747",993
"20180605_0748",986
"20180605_0749",970
"20180605_0750",981
"20180605_0751",990
"20180605_0752",1074
"20180605_0753",1018
"20180605_0754",1016
"20180605_0755",989
"20180605_0756",1006
"20180605_0757",1001
"20180605_0758",975
"20180605_0759",1046
"20180605_0800",1146
"20180605_0801",1188
"20180605_0802",1100
"20180605_0803",1048
"20180605_0804",1128
"20180605_0805",1152
"20180605_0806",1129
"20180605_0807",1073
"20180605_0808",1100
"20180605_0809",1169
"20180605_0810",1113
"20180605_0811",1176
"20180605_0812",1163
"20180605_0813",1353
"20180605_0814",1367
"20180605_0815",1168
"20180605_0816",1208
"20180605_0817",1179
"20180605_0818",1229
"20180605_0819",1202
"20180605_0820",1269
"20180605_0821",1222
"20180605_0822",1293
"20180605_0823",1301
"20180605_0824",1276
"20180605_0825",1246
"20180605_0826",1439
"20180605_0827",1500
"20180605_0828",1386
"20180605_0829",1273
"20180605_0830",1376
"20180605_0831",1359
"20180605_0832",1336
"20180605_0833",1362
"20180605_0834",1414
"20180605_0835",1379
"20180605_0836",1390
"20180605_0837",1326
"20180605_0838",1434
"20180605_0839",1380
"20180605_0840",1434
"20180605_0841",1357
"20180605_0842",1434
"20180605_0843",1469
"20180605_0844",1501
"20180605_0845",1553
"20180605_0846",1516
"20180605_0847",1517
"20180605_0848",1518
"20180605_0849",1536
"20180605_0850",1583
"20180605_0851",1497
"20180605_0852",1552
"20180605_0853",1595
"20180605_0854",1682
"20180605_0855",1644
"20180605_0856",1620
"20180605_0857",1646
"20180605_0858",1668
"20180605_0859",1665
"20180605_0900",1655
"20180605_0901",1714
"20180605_0902",1720
"20180605_0903",1806
"20180605_0904",1753
"20180605_0905",1756
"20180605_0906",1767
"20180605_0907",1799
"20180605_0908",1766
"20180605_0909",1795
"20180605_0910",1815
"20180605_0911",1857
"20180605_0912",1900
"20180605_0913",1881
"20180605_0914",1849
"20180605_0915",1875
"20180605_0916",1886
"20180605_0917",1895
"20180605_0918",1931
"20180605_0919",1824
"20180605_0920",1931
"20180605_0921",1917
"20180605_0922",1933
"20180605_0923",1963
"20180605_0924",2004
"20180605_0925",2046
"20180605_0926",2053
"20180605_0927",2055
"20180605_0928",2009
"20180605_0929",2022
"20180605_0930",2033
"20180605_0931",2063
"20180605_0932",2090
"20180605_0933",2092
"20180605_0934",2169
"20180605_0935",2121
"20180605_0936",2090
"20180605_0937",2138
"20180605_0938",2077
"20180605_0939",2175
"20180605_0940",2178
"20180605_0941",2138
"20180605_0942",2224
"20180605_0943",2207
"20180605_0944",2229
"20180605_0945",2230
"20180605_0946",2246
"20180605_0947",2236
"20180605_0948",2364
"20180605_0949",2259
"20180605_0950",2296
"20180605_0951",2216
"20180605_0952",2350
"20180605_0953",2312
"20180605_0954",2167
"20180605_0955",2334
"20180605_0956",2316
"20180605_0957",2356
"20180605_0958",2296
"20180605_0959",2344
"20180605_1000",2412
"20180605_1001",2280
"20180605_1002",2346
"20180605_1003",2331
"20180605_1004",2398
"20180605_1005",2390
"20180605_1006",2423
"20180605_1007",2338
"20180605_1008",2487
"20180605_1009",2433
"20180605_1010",2382
"20180605_1011",2424
"20180605_1012",2474
"20180605_1013",2387
"20180605_1014",2403
"20180605_1015",2454
"20180605_1016",2448
"20180605_1017",2406
"20180605_1018",2433
"20180605_1019",2437
"20180605_1020",2419
"20180605_1021",2434
"20180605_1022",2425
"20180605_1023",2432
"20180605_1024",2411
"20180605_1025",2507
"20180605_1026",2501
"20180605_1027",2397
"20180605_1028",2420
"20180605_1029",2395
"20180605_1030",2485
"20180605_1031",2519
"20180605_1032",2536
"20180605_1033",2508
"20180605_1034",2520
"20180605_1035",2472
"20180605_1036",2528
"20180605_1037",2568
"20180605_1038",2489
"20180605_1039",2522
"20180605_1040",2639
"20180605_1041",2491
"20180605_1042",2501
"20180605_1043",2608
"20180605_1044",2558
"20180605_1045",2613
"20180605_1046",2556
"20180605_1047",2638
"20180605_1048",2586
"20180605_1049",2678
"20180605_1050",2461
"20180605_1051",2602
"20180605_1052",2698
"20180605_1053",2572
"20180605_1054",2561
"20180605_1055",2659
"20180605_1056",2586
"20180605_1057",2648
"20180605_1058",2736
"20180605_1059",2675
"20180605_1100",2569
"20180605_1101",2616
"20180605_1102",2772
"20180605_1103",2703
"20180605_1104",2767
"20180605_1105",2650
"20180605_1106",2773
"20180605_1107",2698
"20180605_1108",2826
"20180605_1109",2737
"20180605_1110",2910
"20180605_1111",2808
"20180605_1112",2904
"20180605_1113",2802
"20180605_1114",2832
"20180605_1115",2912
"20180605_1116",2873
"20180605_1117",2832
"20180605_1118",2898
"20180605_1119",2831
"20180605_1120",2930
"20180605_1121",2935
"20180605_1122",2872
"20180605_1123",2965
"20180605_1124",3027
"20180605_1125",3038
"20180605_1126",2933
"20180605_1127",3034
"20180605_1128",3153
"20180605_1129",3013
"20180605_1130",3091
"20180605_1131",3121
"20180605_1132",3176
"20180605_1133",3189
"20180605_1134",3199
"20180605_1135",3062
"20180605_1136",3307
"20180605_1137",3183
"20180605_1138",3302
"20180605_1139",3192
"20180605_1140",3260
"20180605_1141",3273
"20180605_1142",3341
"20180605_1143",3423
"20180605_1144",3333
"20180605_1145",3382
"20180605_1146",3474
"20180605_1147",3393
"20180605_1148",3455
"20180605_1149",3403
"20180605_1150",3404
"20180605_1151",3427
"20180605_1152",3583
"20180605_1153",3560
"20180605_1154",3438
"20180605_1155",3493
"20180605_1156",3569
"20180605_1157",3585
"20180605_1158",3559
"20180605_1159",3675
"20180605_1200",3470
"20180605_1201",3746
"20180605_1202",3694
"20180605_1203",3478
"20180605_1204",3719
"20180605_1205",3679
"20180605_1206",3469
"20180605_1207",3782
"20180605_1208",3161
"20180605_1209",4604
"20180605_1210",3849
"20180605_1211",3840
"20180605_1212",3458
"20180605_1213",4090
"20180605_1214",3824
"20180605_1215",3908
"20180605_1216",3867
"20180605_1217",3854
"20180605_1218",3760
"20180605_1219",3895
"20180605_1220",3928
"20180605_1221",3871
"20180605_1222",3916
"20180605_1223",3953
"20180605_1224",3857
"20180605_1225",3972
"20180605_1226",4035
"20180605_1227",4060
"20180605_1228",3831
"20180605_1229",3695
"20180605_1230",4186
"20180605_1231",3687
"20180605_1232",1990
"20180605_1233",853
"20180605_1234",805
"20180605_1235",842
"20180605_1236",805
"20180605_1237",873
"20180605_1238",861
"20180605_1239",2572
"20180605_1240",6792
"20180605_1241",5513
"20180605_1242",4557
"20180605_1243",4457
"20180605_1244",4258
"20180605_1245",4009
"20180605_1246",4192
"20180605_1247",4127
"20180605_1248",4023
"20180605_1249",4065
"20180605_1250",3827
"20180605_1251",3749
"20180605_1252",4053
"20180605_1253",3627
"20180605_1254",4242
"20180605_1255",3866
"20180605_1256",3933
"20180605_1257",3826
"20180605_1258",3726
"20180605_1259",3776
"20180605_1300",3818
"20180605_1301",3815
"20180605_1302",3718
"20180605_1303",3794
"20180605_1304",3888
"20180605_1305",3825
"20180605_1306",3682
"20180605_1307",3692
"20180605_1308",3755
"20180605_1309",3798
"20180605_1310",3629
"20180605_1311",3786
"20180605_1312",3785
"20180605_1313",3819
"20180605_1314",3581
"20180605_1315",3640
"20180605_1316",3536
"20180605_1317",3539
"20180605_1318",3398
"20180605_1319",3761
"20180605_1320",3586
"20180605_1321",3506
"20180605_1322",3472
"20180605_1323",3489
"20180605_1324",3458
"20180605_1325",3333
"20180605_1326",3503
"20180605_1327",3503
"20180605_1328",3447
"20180605_1329",3363
"20180605_1330",3369
"20180605_1331",3276
"20180605_1332",3379
"20180605_1333",3400
"20180605_1334",3330
"20180605_1335",3335
"20180605_1336",3358
"20180605_1337",3333
"20180605_1338",3299
"20180605_1339",3348
"20180605_1340",3165
"20180605_1341",3221
"20180605_1342",3166
"20180605_1343",3166
"20180605_1344",3289
"20180605_1345",3250
"20180605_1346",3181
"20180605_1347",3249
"20180605_1348",3177
"20180605_1349",3138
"20180605_1350",3131
"20180605_1351",3083
"20180605_1352",3222
"20180605_1353",3100
"20180605_1354",2995
"20180605_1355",3056
"20180605_1356",3175
"20180605_1357",3075
"20180605_1358",3037
"20180605_1359",2990
"20180605_1400",2981
"20180605_1401",3016
"20180605_1402",2925
"20180605_1403",2968
"20180605_1404",3014
"20180605_1405",2982
"20180605_1406",3033
"20180605_1407",3055
"20180605_1408",2887
"20180605_1409",2832
"20180605_1410",2915
"20180605_1411",2865
"20180605_1412",2903
"20180605_1413",3000
"20180605_1414",2883
"20180605_1415",2854
"20180605_1416",2770
"20180605_1417",2870
"20180605_1418",2890
"20180605_1419",2821
"20180605_1420",2741
"20180605_1421",2813
"20180605_1422",2815
"20180605_1423",2784
"20180605_1424",2673
"20180605_1425",2778
"20180605_1426",2709
"20180605_1427",2662
"20180605_1428",2811
"20180605_1429",2718
"20180605_1430",2753
"20180605_1431",2718
"20180605_1432",2789
"20180605_1433",2831
"20180605_1434",2801
"20180605_1435",2744
"20180605_1436",2720
"20180605_1437",2790
"20180605_1438",2893
"20180605_1439",2760
"20180605_1440",2714
"20180605_1441",2708
"20180605_1442",2612
"20180605_1443",2819
"20180605_1444",2819
"20180605_1445",2853
"20180605_1446",2774
"20180605_1447",2794
"20180605_1448",2617
"20180605_1449",2759
"20180605_1450",2757
"20180605_1451",2806
"20180605_1452",2787
"20180605_1453",2773
"20180605_1454",2899
"20180605_1455",2772
"20180605_1456",2894
"20180605_1457",2793
"20180605_1458",2745
"20180605_1459",2795
"20180605_1500",2864
"20180605_1501",2862
"20180605_1502",2853
"20180605_1503",2807
"20180605_1504",2907
"20180605_1505",2812
"20180605_1506",2861
"20180605_1507",2901
"20180605_1508",2819
"20180605_1509",2848
"20180605_1510",2840
"20180605_1511",2886
"20180605_1512",2838
"20180605_1513",2848
"20180605_1514",2893
"20180605_1515",2956
"20180605_1516",2838
"20180605_1517",2822
"20180605_1518",2788
"20180605_1519",2626
"20180605_1520",2455
"20180605_1521",2386
"20180605_1522",2570
"20180605_1523",2450
"20180605_1524",2448
"20180605_1525",2503
"20180605_1526",2435
"20180605_1527",2535
"20180605_1528",2497
"20180605_1529",2482
"20180605_1530",2840
"20180605_1531",2744
"20180605_1532",2590
"20180605_1533",2629
"20180605_1534",2652
"20180605_1535",2622
"20180605_1536",2673
"20180605_1537",2577
"20180605_1538",2683
"20180605_1539",2676
"20180605_1540",2676
"20180605_1541",2719
"20180605_1542",2710
"20180605_1543",2713
"20180605_1544",2761
"20180605_1545",2688
"20180605_1546",2694
"20180605_1547",2764
"20180605_1548",2702
"20180605_1549",2837
"20180605_1550",2848
"20180605_1551",2796
"20180605_1552",2971
"20180605_1553",2898
"20180605_1554",2809
"20180605_1555",2855
"20180605_1556",2831
"20180605_1557",2954
"20180605_1558",3413
"20180605_1559",3128
"20180605_1600",3155
"20180605_1601",3200
"20180605_1602",3250
"20180605_1603",3093
"20180605_1604",3219
"20180605_1605",3170
"20180605_1606",3245
"20180605_1607",3161
"20180605_1608",3169
"20180605_1609",3133
"20180605_1610",3093
"20180605_1611",3213
"20180605_1612",3150
"20180605_1613",3216
"20180605_1614",3159
"20180605_1615",3116
"20180605_1616",3204
"20180605_1617",3147
"20180605_1618",3220
"20180605_1619",3272
"20180605_1620",3117
"20180605_1621",3195
"20180605_1622",3167
"20180605_1623",3234
"20180605_1624",3191
"20180605_1625",3063
"20180605_1626",3270
"20180605_1627",3110
"20180605_1628",3305
"20180605_1629",3148
"20180605_1630",3187
"20180605_1631",3094
"20180605_1632",3216
"20180605_1633",3240
"20180605_1634",3319
"20180605_1635",3216
"20180605_1636",3161
"20180605_1637",3325
"20180605_1638",3325
"20180605_1639",3300
"20180605_1640",3284
"20180605_1641",3230
"20180605_1642",3189
"20180605_1643",3243
"20180605_1644",3250
"20180605_1645",3256
"20180605_1646",3177
"20180605_1647",3182
"20180605_1648",3297
"20180605_1649",3333
"20180605_1650",3338
"20180605_1651",3391
"20180605_1652",3287
"20180605_1653",3369
"20180605_1654",3361
"20180605_1655",3313
"20180605_1656",3280
"20180605_1657",3386
"20180605_1658",3272
"20180605_1659",3384
"20180605_1700",3377
"20180605_1701",3439
"20180605_1702",3272
"20180605_1703",3610
"20180605_1704",3473
"20180605_1705",3459
"20180605_1706",3507
"20180605_1707",3628
"20180605_1708",3465
"20180605_1709",3429
"20180605_1710",3381
"20180605_1711",3563
"20180605_1712",3390
"20180605_1713",3681
"20180605_1714",3543
"20180605_1715",3482
"20180605_1716",3541
"20180605_1717",3522
"20180605_1718",3509
"20180605_1719",3424
"20180605_1720",3405
"20180605_1721",3588
"20180605_1722",3548
"20180605_1723",3529
"20180605_1724",3637
"20180605_1725",3600
"20180605_1726",3568
"20180605_1727",3510
"20180605_1728",3445
"20180605_1729",3657
"20180605_1730",3610
"20180605_1731",3540
"20180605_1732",3487
"20180605_1733",3570
"20180605_1734",3700
"20180605_1735",3567
"20180605_1736",3635
"20180605_1737",3680
"20180605_1738",3724
"20180605_1739",3602
"20180605_1740",3559
"20180605_1741",3588
"20180605_1742",3604
"20180605_1743",3636
"20180605_1744",3645
"20180605_1745",3603
"20180605_1746",3464
"20180605_1747",3656
"20180605_1748",3482
"20180605_1749",3575
"20180605_1750",3511
"20180605_1751",3480
"20180605_1752",3450
"20180605_1753",3529
"20180605_1754",3376
"20180605_1755",3402
"20180605_1756",3609
"20180605_1757",3455
"20180605_1758",3504
"20180605_1759",3444
"20180605_1800",3305
"20180605_1801",3282
"20180605_1802",3261
"20180605_1803",3374
"20180605_1804",3450
"20180605_1805",3327
"20180605_1806",3278
"20180605_1807",3333
"20180605_1808",3377
"20180605_1809",3288
"20180605_1810",3386
"20180605_1811",3331
"20180605_1812",3372
"20180605_1813",3277
"20180605_1814",3309
"20180605_1815",3322
"20180605_1816",3248
"20180605_1817",3152
"20180605_1818",3319
"20180605_1819",3113
"20180605_1820",3299
"20180605_1821",3220
"20180605_1822",3210
"20180605_1823",3274
"20180605_1824",3173
"20180605_1825",3082
"20180605_1826",3154
"20180605_1827",3125
"20180605_1828",3086
"20180605_1829",3196
"20180605_1830",3218
"20180605_1831",3122
"20180605_1832",3101
"20180605_1833",3057
"20180605_1834",3159
"20180605_1835",3089
"20180605_1836",3087
"20180605_1837",2989
"20180605_1838",3103
"20180605_1839",3094
"20180605_1840",3055
"20180605_1841",3095
"20180605_1842",3112
"20180605_1843",2920
"20180605_1844",3052
"20180605_1845",2973
"20180605_1846",3025
"20180605_1847",3037
"20180605_1848",2972
"20180605_1849",3095
"20180605_1850",3125
"20180605_1851",3043
"20180605_1852",3050
"20180605_1853",2901
"20180605_1854",3059
"20180605_1855",3042
"20180605_1856",2852
"20180605_1857",2936
"20180605_1858",2918
"20180605_1859",3020
"20180605_1900",2865
"20180605_1901",3019
"20180605_1902",2929
"20180605_1903",2799
"20180605_1904",2888
"20180605_1905",2937
"20180605_1906",2917
"20180605_1907",2858
"20180605_1908",2827
"20180605_1909",2835
"20180605_1910",2867
"20180605_1911",2759
"20180605_1912",2735
"20180605_1913",2766
"20180605_1914",2735
"20180605_1915",2798
"20180605_1916",2731
"20180605_1917",2676
"20180605_1918",2506
"20180605_1919",2665
"20180605_1920",2667
"20180605_1921",2626
"20180605_1922",2480
"20180605_1923",2544
"20180605_1924",2588
"20180605_1925",2498
"20180605_1926",2574
"20180605_1927",2468
"20180605_1928",2595
"20180605_1929",2494
"20180605_1930",2553
"20180605_1931",2432
"20180605_1932",2501
"20180605_1933",2516
"20180605_1934",2534
"20180605_1935",2414
"20180605_1936",2420
"20180605_1937",2374
"20180605_1938",2434
"20180605_1939",2327
"20180605_1940",2459
"20180605_1941",2477
"20180605_1942",2401
"20180605_1943",2446
"20180605_1944",2335
"20180605_1945",2364
"20180605_1946",2387
"20180605_1947",2384
"20180605_1948",2347
"20180605_1949",2382
"20180605_1950",2379
"20180605_1951",2272
"20180605_1952",2335
"20180605_1953",2379
"20180605_1954",2354
"20180605_1955",2325
"20180605_1956",2308
"20180605_1957",2235
"20180605_1958",2320
"20180605_1959",2258
"20180605_2000",2250
"20180605_2001",2275
"20180605_2002",2246
"20180605_2003",2362
"20180605_2004",2264
"20180605_2005",2369
"20180605_2006",2357
"20180605_2007",2296
"20180605_2008",2311
"20180605_2009",2327
"20180605_2010",2239
"20180605_2011",2217
"20180605_2012",2228
"20180605_2013",2191
"20180605_2014",2217
"20180605_2015",2228
"20180605_2016",2191
"20180605_2017",2194
"20180605_2018",2138
"20180605_2019",2204
"20180605_2020",2174
"20180605_2021",2168
"20180605_2022",2148
"20180605_2023",2091
"20180605_2024",2247
"20180605_2025",2189
"20180605_2026",2174
"20180605_2027",2131
"20180605_2028",2277
"20180605_2029",2190
"20180605_2030",2083
"20180605_2031",2162
"20180605_2032",2174
"20180605_2033",2175
"20180605_2034",2200
"20180605_2035",2154
"20180605_2036",2218
"20180605_2037",2196
"20180605_2038",2307
"20180605_2039",2153
"20180605_2040",2082
"20180605_2041",2175
"20180605_2042",2126
"20180605_2043",2132
"20180605_2044",2112
"20180605_2045",2160
"20180605_2046",2127
"20180605_2047",2139
"20180605_2048",1989
"20180605_2049",2219
"20180605_2050",2108
"20180605_2051",2082
"20180605_2052",2088
"20180605_2053",2019
"20180605_2054",2023
"20180605_2055",1999
"20180605_2056",1923
"20180605_2057",2026
"20180605_2058",1982
"20180605_2059",2022
"20180605_2100",1968
"20180605_2101",1978
"20180605_2102",1943
"20180605_2103",1819
"20180605_2104",1899
"20180605_2105",1932
"20180605_2106",1847
"20180605_2107",1881
"20180605_2108",1892
"20180605_2109",1727
"20180605_2110",1989
"20180605_2111",1833
"20180605_2112",1820
"20180605_2113",1824
"20180605_2114",1758
"20180605_2115",1835
"20180605_2116",1709
"20180605_2117",1757
"20180605_2118",1786
"20180605_2119",1699
"20180605_2120",1736
"20180605_2121",1692
"20180605_2122",1658
"20180605_2123",1713
"20180605_2124",1713
"20180605_2125",1698
"20180605_2126",1652
"20180605_2127",1607
"20180605_2128",1691
"20180605_2129",1570
"20180605_2130",1579
"20180605_2131",1622
"20180605_2132",1544
"20180605_2133",1627
"20180605_2134",1498
"20180605_2135",1624
"20180605_2136",1591
"20180605_2137",1604
"20180605_2138",1519
"20180605_2139",1582
"20180605_2140",1502
"20180605_2141",1483
"20180605_2142",1429
"20180605_2143",1559
"20180605_2144",1535
"20180605_2145",1528
"20180605_2146",1519
"20180605_2147",1483
"20180605_2148",1472
"20180605_2149",1458
"20180605_2150",1452
"20180605_2151",1386
"20180605_2152",1421
"20180605_2153",1354
"20180605_2154",1415
"20180605_2155",1435
"20180605_2156",1449
"20180605_2157",1385
"20180605_2158",1357
"20180605_2159",1352
"20180605_2200",1408
"20180605_2201",1347
"20180605_2202",1359
"20180605_2203",1457
"20180605_2204",1323
"20180605_2205",1290
"20180605_2206",1267
"20180605_2207",1307
"20180605_2208",1352
"20180605_2209",1323
"20180605_2210",1313
"20180605_2211",1284
"20180605_2212",1218
"20180605_2213",1217
"20180605_2214",1271
"20180605_2215",1283
"20180605_2216",1248
"20180605_2217",1201
"20180605_2218",1224
"20180605_2219",1306
"20180605_2220",1243
"20180605_2221",1193
"20180605_2222",1256
"20180605_2223",1151
"20180605_2224",1187
"20180605_2225",1156
"20180605_2226",1193
"20180605_2227",1183
"20180605_2228",1092
"20180605_2229",1168
"20180605_2230",1109
"20180605_2231",1126
"20180605_2232",1104
"20180605_2233",1124
"20180605_2234",1047
"20180605_2235",1024
"20180605_2236",1060
"20180605_2237",1015
"20180605_2238",1041
"20180605_2239",1025
"20180605_2240",975
"20180605_2241",960
"20180605_2242",1013
"20180605_2243",973
"20180605_2244",962
"20180605_2245",978
"20180605_2246",948
"20180605_2247",899
"20180605_2248",940
"20180605_2249",931
"20180605_2250",909
"20180605_2251",894
"20180605_2252",896
"20180605_2253",814
"20180605_2254",835
"20180605_2255",877
"20180605_2256",816
"20180605_2257",847
"20180605_2258",873
"20180605_2259",803
"20180605_2300",800
"20180605_2301",754
"20180605_2302",786
"20180605_2303",738
"20180605_2304",812
"20180605_2305",790
"20180605_2306",756
"20180605_2307",717
"20180605_2308",763
"20180605_2309",802
"20180605_2310",719
"20180605_2311",698
"20180605_2312",698
"20180605_2313",716
"20180605_2314",688
"20180605_2315",676
"20180605_2316",703
"20180605_2317",678
"20180605_2318",670
"20180605_2319",693
"20180605_2320",672
"20180605_2321",577
"20180605_2322",685
"20180605_2323",630
"20180605_2324",671
"20180605_2325",681
"20180605_2326",652
"20180605_2327",655
"20180605_2328",647
"20180605_2329",668
"20180605_2330",592
"20180605_2331",618
"20180605_2332",576
"20180605_2333",582
"20180605_2334",638
"20180605_2335",552
"20180605_2336",546
"20180605_2337",536
"20180605_2338",515
"20180605_2339",493
"20180605_2340",530
"20180605_2341",476
"20180605_2342",488
"20180605_2343",484
"20180605_2344",513
"20180605_2345",464
"20180605_2346",516
"20180605_2347",466
"20180605_2348",413
"20180605_2349",463
"20180605_2350",494
"20180605_2351",453
"20180605_2352",432
"20180605_2353",445
"20180605_2354",384
"20180605_2355",393
"20180605_2356",407
"20180605_2357",423
"20180605_2358",406
"20180605_2359",404
"20180606_0000",291
"20180606_0001",361
"20180606_0002",293
"20180606_0003",351
"20180606_0004",347
"20180606_0005",302
"20180606_0006",397
"20180606_0007",350
"20180606_0008",351
"20180606_0009",312
"20180606_0010",328
"20180606_0011",309
"20180606_0012",320
"20180606_0013",285
"20180606_0014",294
"20180606_0015",300
"20180606_0016",265
"20180606_0017",281
"20180606_0018",278
"20180606_0019",283
"20180606_0020",253
"20180606_0021",240
"20180606_0022",250
"20180606_0023",225
"20180606_0024",234
"20180606_0025",252
"20180606_0026",228
"20180606_0027",211
"20180606_0028",222
"20180606_0029",238
"20180606_0030",237
"20180606_0031",238
"20180606_0032",222
"20180606_0033",226
"20180606_0034",199
"20180606_0035",212
"20180606_0036",194
"20180606_0037",231
"20180606_0038",231
"20180606_0039",208
"20180606_0040",201
"20180606_0041",195
"20180606_0042",222
"20180606_0043",198
"20180606_0044",208
"20180606_0045",196
"20180606_0046",184
"20180606_0047",191
"20180606_0048",172
"20180606_0049",178
"20180606_0050",198
"20180606_0051",168
"20180606_0052",192
"20180606_0053",175
"20180606_0054",143
"20180606_0055",178
"20180606_0056",152
"20180606_0057",171
"20180606_0058",159
"20180606_0059",131
"20180606_0100",168
"20180606_0101",173
"20180606_0102",160
"20180606_0103",151
"20180606_0104",158
"20180606_0105",140
"20180606_0106",127
"20180606_0107",147
"20180606_0108",148
"20180606_0109",136
"20180606_0110",131
"20180606_0111",135
"20180606_0112",142
"20180606_0113",126
"20180606_0114",143
"20180606_0115",145
"20180606_0116",146
"20180606_0117",151
"20180606_0118",133
"20180606_0119",122
"20180606_0120",100
"20180606_0121",121
"20180606_0122",101
"20180606_0123",138
"20180606_0124",98
"20180606_0125",116
"20180606_0126",111
"20180606_0127",121
"20180606_0128",118
"20180606_0129",104
"20180606_0130",106
"20180606_0131",113
"20180606_0132",207
"20180606_0133",192
"20180606_0134",227
"20180606_0135",251
"20180606_0136",195
"20180606_0137",202
"20180606_0138",139
"20180606_0139",173
"20180606_0140",236
"20180606_0141",260
"20180606_0142",242
"20180606_0143",240
"20180606_0144",279
"20180606_0145",131
"20180606_0146",214
"20180606_0147",189
"20180606_0148",147
"20180606_0149",196
"20180606_0150",189
"20180606_0151",144
"20180606_0152",203
"20180606_0153",199
"20180606_0154",145
"20180606_0155",154
"20180606_0156",119
"20180606_0157",71
"20180606_0158",87
"20180606_0159",92
"20180606_0200",99
"20180606_0201",101
"20180606_0202",86
"20180606_0203",102
"20180606_0204",100
"20180606_0205",104
"20180606_0206",90
"20180606_0207",101
"20180606_0208",88
"20180606_0209",82
"20180606_0210",79
"20180606_0211",80
"20180606_0212",74
"20180606_0213",71
"20180606_0214",70
"20180606_0215",67
"20180606_0216",71
"20180606_0217",72
"20180606_0218",60
"20180606_0219",75
"20180606_0220",76
"20180606_0221",75
"20180606_0222",69
"20180606_0223",64
"20180606_0224",68
"20180606_0225",53
"20180606_0226",59
"20180606_0227",65
"20180606_0228",66
"20180606_0229",63
"20180606_0230",65
"20180606_0231",60
"20180606_0232",474
"20180606_0233",345
"20180606_0234",127
"20180606_0235",60
"20180606_0236",55
"20180606_0237",61
"20180606_0238",53
"20180606_0239",52
"20180606_0240",46
"20180606_0241",71
"20180606_0242",55
"20180606_0243",76
"20180606_0244",57
"20180606_0245",42
"20180606_0246",61
"20180606_0247",60
"20180606_0248",41
"20180606_0249",42
"20180606_0250",47
"20180606_0251",53
"20180606_0252",51
"20180606_0253",45
"20180606_0254",36
"20180606_0255",55
"20180606_0256",38
"20180606_0257",49
"20180606_0258",47
"20180606_0259",45
"20180606_0300",113
"20180606_0301",104
"20180606_0302",63
"20180606_0303",65
"20180606_0304",66
"20180606_0305",75
"20180606_0306",64
"20180606_0307",65
"20180606_0308",62
"20180606_0309",44
"20180606_0310",46
"20180606_0311",50
"20180606_0312",48
"20180606_0313",137
"20180606_0314",244
"20180606_0315",177
"20180606_0316",192
"20180606_0317",245
"20180606_0318",84
"20180606_0319",42
"20180606_0320",45
"20180606_0321",42
"20180606_0322",52
"20180606_0323",38
"20180606_0324",33
"20180606_0325",45
"20180606_0326",56
"20180606_0327",32
"20180606_0328",45
"20180606_0329",49
"20180606_0330",36
"20180606_0331",38
"20180606_0332",59
"20180606_0333",72
"20180606_0334",70
"20180606_0335",71
"20180606_0336",61
"20180606_0337",66
"20180606_0338",43
"20180606_0339",62
"20180606_0340",86
"20180606_0341",159
"20180606_0342",69
"20180606_0343",80
"20180606_0344",216
"20180606_0345",31
"20180606_0346",161
"20180606_0347",142
"20180606_0348",195
"20180606_0349",226
"20180606_0350",285
"20180606_0351",206
"20180606_0352",268
"20180606_0353",196
"20180606_0354",133
"20180606_0355",182
"20180606_0356",172
"20180606_0357",141
"20180606_0358",183
"20180606_0359",178
"20180606_0400",48
"20180606_0401",59
"20180606_0402",53
"20180606_0403",48
"20180606_0404",53
"20180606_0405",48
"20180606_0406",40
"20180606_0407",41
"20180606_0408",29
"20180606_0409",38
"20180606_0410",30
"20180606_0411",33
"20180606_0412",31
"20180606_0413",31
"20180606_0414",41
"20180606_0415",37
"20180606_0416",25
"20180606_0417",34
"20180606_0418",28
"20180606_0419",34
"20180606_0420",36
"20180606_0421",29
"20180606_0422",31
"20180606_0423",32
"20180606_0424",46
"20180606_0425",38
"20180606_0426",42
"20180606_0427",31
"20180606_0428",23
"20180606_0429",49
"20180606_0430",217
"20180606_0431",265
"20180606_0432",135
"20180606_0433",344
"20180606_0434",280
"20180606_0435",28
"20180606_0436",31
"20180606_0437",38
"20180606_0438",35
"20180606_0439",35
"20180606_0440",38
"20180606_0441",23
"20180606_0442",35
"20180606_0443",34
"20180606_0444",39
"20180606_0445",44
"20180606_0446",38
"20180606_0447",47
"20180606_0448",28
"20180606_0449",41
"20180606_0450",36
"20180606_0451",49
"20180606_0452",36
"20180606_0453",51
"20180606_0454",33
"20180606_0455",46
"20180606_0456",47
"20180606_0457",38
"20180606_0458",46
"20180606_0459",45
"20180606_0500",54
"20180606_0501",70
"20180606_0502",57
"20180606_0503",58
"20180606_0504",73
"20180606_0505",66
"20180606_0506",67
"20180606_0507",60
"20180606_0508",52
"20180606_0509",58
"20180606_0510",38
"20180606_0511",39
"20180606_0512",45
"20180606_0513",48
"20180606_0514",48
"20180606_0515",57
"20180606_0516",50
"20180606_0517",45
"20180606_0518",54
"20180606_0519",40
"20180606_0520",56
"20180606_0521",55
"20180606_0522",51
"20180606_0523",51
"20180606_0524",55
"20180606_0525",50
"20180606_0526",70
"20180606_0527",67
"20180606_0528",59
"20180606_0529",64
"20180606_0530",77
"20180606_0531",98
"20180606_0532",617
"20180606_0533",620
"20180606_0534",529
"20180606_0535",698
"20180606_0536",664
"20180606_0537",662
"20180606_0538",714
"20180606_0539",684
"20180606_0540",698
"20180606_0541",644
"20180606_0542",762
"20180606_0543",631
"20180606_0544",607
"20180606_0545",407
"20180606_0546",401
"20180606_0547",243
"20180606_0548",93
"20180606_0549",91
"20180606_0550",106
"20180606_0551",119
"20180606_0552",117
"20180606_0553",100
"20180606_0554",108
"20180606_0555",106
"20180606_0556",116
"20180606_0557",105
"20180606_0558",101
"20180606_0559",113
"20180606_0600",145
"20180606_0601",167
"20180606_0602",138
"20180606_0603",145
"20180606_0604",148
"20180606_0605",174
"20180606_0606",172
"20180606_0607",184
"20180606_0608",182
"20180606_0609",195
"20180606_0610",192
"20180606_0611",171
"20180606_0612",217
"20180606_0613",213
"20180606_0614",208
"20180606_0615",217
"20180606_0616",210
"20180606_0617",204
"20180606_0618",225
"20180606_0619",204
"20180606_0620",238
"20180606_0621",215
"20180606_0622",253
"20180606_0623",241
"20180606_0624",278
"20180606_0625",258
"20180606_0626",273
"20180606_0627",259
"20180606_0628",282
"20180606_0629",309
"20180606_0630",269
"20180606_0631",402
"20180606_0632",700
"20180606_0633",787
"20180606_0634",703
"20180606_0635",318
"20180606_0636",355
"20180606_0637",362
"20180606_0638",356
"20180606_0639",363
"20180606_0640",373
"20180606_0641",383
"20180606_0642",389
"20180606_0643",361
"20180606_0644",375
"20180606_0645",375
"20180606_0646",403
"20180606_0647",433
"20180606_0648",461
"20180606_0649",449
"20180606_0650",451
"20180606_0651",457
"20180606_0652",475
"20180606_0653",512
"20180606_0654",486
"20180606_0655",484
"20180606_0656",514
"20180606_0657",475
"20180606_0658",488
"20180606_0659",546
"20180606_0700",509
"20180606_0701",608
"20180606_0702",576
"20180606_0703",596
"20180606_0704",602
"20180606_0705",580
"20180606_0706",650
"20180606_0707",626
"20180606_0708",634
"20180606_0709",635
"20180606_0710",696
"20180606_0711",707
"20180606_0712",710
"20180606_0713",701
"20180606_0714",674
"20180606_0715",681
"20180606_0716",721
"20180606_0717",705
"20180606_0718",755
"20180606_0719",743
"20180606_0720",724
"20180606_0721",815
"20180606_0722",763
"20180606_0723",775
"20180606_0724",769
"20180606_0725",805
"20180606_0726",827
"20180606_0727",838
"20180606_0728",814
"20180606_0729",833
"20180606_0730",855
"20180606_0731",819
"20180606_0732",875
"20180606_0733",830
"20180606_0734",904
"20180606_0735",900
"20180606_0736",863
"20180606_0737",884
"20180606_0738",942
"20180606_0739",897
"20180606_0740",974
"20180606_0741",957
"20180606_0742",1020
"20180606_0743",999
"20180606_0744",998
"20180606_0745",1017
"20180606_0746",1045
"20180606_0747",1035
"20180606_0748",1065
"20180606_0749",1052
"20180606_0750",1077
"20180606_0751",1002
"20180606_0752",1116
"20180606_0753",1027
"20180606_0754",1136
"20180606_0755",1132
"20180606_0756",1149
"20180606_0757",1027
"20180606_0758",1082
"20180606_0759",1111
"20180606_0800",1156
"20180606_0801",1253
"20180606_0802",1135
"20180606_0803",1167
"20180606_0804",1275
"20180606_0805",1271
"20180606_0806",1248
"20180606_0807",1232
"20180606_0808",1205
"20180606_0809",1285
"20180606_0810",1210
"20180606_0811",1317
"20180606_0812",1332
"20180606_0813",1273
"20180606_0814",1263
"20180606_0815",1295
"20180606_0816",1285
"20180606_0817",1340
"20180606_0818",1335
"20180606_0819",1324
"20180606_0820",1389
"20180606_0821",1398
"20180606_0822",1373
"20180606_0823",1377
"20180606_0824",1411
"20180606_0825",1381
"20180606_0826",1406
"20180606_0827",1419
"20180606_0828",1372
"20180606_0829",1456
"20180606_0830",1533
"20180606_0831",1486
"20180606_0832",1464
"20180606_0833",1476
"20180606_0834",1525
"20180606_0835",1415
"20180606_0836",1546
"20180606_0837",1541
"20180606_0838",1585
"20180606_0839",1515
"20180606_0840",1531
"20180606_0841",1592
"20180606_0842",1620
"20180606_0843",1580
"20180606_0844",1632
"20180606_0845",1642
"20180606_0846",1600
"20180606_0847",1641
"20180606_0848",1625
"20180606_0849",1569
"20180606_0850",1737
"20180606_0851",1683
"20180606_0852",1739
"20180606_0853",1695
"20180606_0854",1722
"20180606_0855",1761
"20180606_0856",1726
"20180606_0857",1731
"20180606_0858",1815
"20180606_0859",1820
"20180606_0900",1777
"20180606_0901",1771
"20180606_0902",1878
"20180606_0903",1921
"20180606_0904",1915
"20180606_0905",1954
"20180606_0906",2011
"20180606_0907",1936
"20180606_0908",1959
"20180606_0909",1903
"20180606_0910",2062
"20180606_0911",2009
"20180606_0912",2003
"20180606_0913",2049
"20180606_0914",2039
"20180606_0915",1955
"20180606_0916",2088
"20180606_0917",2122
"20180606_0918",2126
"20180606_0919",2014
"20180606_0920",2075
"20180606_0921",2159
"20180606_0922",2097
"20180606_0923",2159
"20180606_0924",2174
"20180606_0925",2194
"20180606_0926",2215
"20180606_0927",2147
"20180606_0928",2177
"20180606_0929",2207
"20180606_0930",2216
"20180606_0931",2326
"20180606_0932",2266
"20180606_0933",2305
"20180606_0934",2350
"20180606_0935",2329
"20180606_0936",2271
"20180606_0937",2328
"20180606_0938",2418
"20180606_0939",2411
"20180606_0940",2327
"20180606_0941",2408
"20180606_0942",2488
"20180606_0943",2455
"20180606_0944",2476
"20180606_0945",2391
"20180606_0946",2459
"20180606_0947",2441
"20180606_0948",2446
"20180606_0949",2488
"20180606_0950",2434
"20180606_0951",2433
"20180606_0952",2476
"20180606_0953",2518
"20180606_0954",2505
"20180606_0955",2559
"20180606_0956",2678
"20180606_0957",2550
"20180606_0958",2532
"20180606_0959",2614
"20180606_1000",2618
"20180606_1001",2613
"20180606_1002",2555
"20180606_1003",2703
"20180606_1004",2652
"20180606_1005",2586
"20180606_1006",2527
"20180606_1007",2682
"20180606_1008",2650
"20180606_1009",2659
"20180606_1010",2609
"20180606_1011",2675
"20180606_1012",2672
"20180606_1013",2710
"20180606_1014",2681
"20180606_1015",2759
"20180606_1016",2639
"20180606_1017",2624
"20180606_1018",2637
"20180606_1019",2687
"20180606_1020",2754
"20180606_1021",2704
"20180606_1022",2655
"20180606_1023",2633
"20180606_1024",2628
"20180606_1025",2667
"20180606_1026",2769
"20180606_1027",2747
"20180606_1028",2691
"20180606_1029",2753
"20180606_1030",2728
"20180606_1031",2748
"20180606_1032",2639
"20180606_1033",2711
"20180606_1034",2840
"20180606_1035",2830
"20180606_1036",2686
"20180606_1037",2774
"20180606_1038",2744
"20180606_1039",2817
"20180606_1040",2768
"20180606_1041",2795
"20180606_1042",2868
"20180606_1043",2813
"20180606_1044",2835
"20180606_1045",2854
"20180606_1046",2793
"20180606_1047",2843
"20180606_1048",2902
"20180606_1049",2872
"20180606_1050",2800
"20180606_1051",2940
"20180606_1052",2828
"20180606_1053",2900
"20180606_1054",2925
"20180606_1055",2808
"20180606_1056",2948
"20180606_1057",2893
"20180606_1058",2933
"20180606_1059",2865
"20180606_1100",2955
"20180606_1101",2867
"20180606_1102",2961
"20180606_1103",3008
"20180606_1104",3134
"20180606_1105",3171
"20180606_1106",3043
"20180606_1107",3009
"20180606_1108",3059
"20180606_1109",3092
"20180606_1110",3029
"20180606_1111",3022
"20180606_1112",2982
"20180606_1113",3126
"20180606_1114",3204
"20180606_1115",3049
"20180606_1116",3081
"20180606_1117",3068
"20180606_1118",3000
"20180606_1119",3166
"20180606_1120",3036
"20180606_1121",3140
"20180606_1122",3128
"20180606_1123",3270
"20180606_1124",3158
"20180606_1125",3163
"20180606_1126",3179
"20180606_1127",3513
"20180606_1128",3479
"20180606_1129",3377
"20180606_1130",3534
"20180606_1131",3545
"20180606_1132",3483
"20180606_1133",3546
"20180606_1134",3585
"20180606_1135",3605
"20180606_1136",3433
"20180606_1137",3859
"20180606_1138",3855
"20180606_1139",3791
"20180606_1140",3747
"20180606_1141",3604
"20180606_1142",3807
"20180606_1143",3790
"20180606_1144",3630
"20180606_1145",3758
"20180606_1146",3852
"20180606_1147",3623
"20180606_1148",3729
"20180606_1149",3749
"20180606_1150",3687
"20180606_1151",3791
"20180606_1152",3741
"20180606_1153",3978
"20180606_1154",3852
"20180606_1155",3865
"20180606_1156",3928
"20180606_1157",3927
"20180606_1158",3992
"20180606_1159",4042
"20180606_1200",3623
"20180606_1201",4446
"20180606_1202",4127
"20180606_1203",4160
"20180606_1204",4149
"20180606_1205",4182
"20180606_1206",4259
"20180606_1207",4319
"20180606_1208",4190
"20180606_1209",4394
"20180606_1210",4273
"20180606_1211",4298
"20180606_1212",4254
"20180606_1213",4334
"20180606_1214",4288
"20180606_1215",4396
"20180606_1216",4280
"20180606_1217",4315
"20180606_1218",4316
"20180606_1219",4359
"20180606_1220",4262
"20180606_1221",4386
"20180606_1222",4528
"20180606_1223",4424
"20180606_1224",4424
"20180606_1225",4480
"20180606_1226",4452
"20180606_1227",4422
"20180606_1228",4443
"20180606_1229",4438
"20180606_1230",4466
"20180606_1231",4663
"20180606_1232",4596
"20180606_1233",4336
"20180606_1234",4222
"20180606_1235",4235
"20180606_1236",4015
"20180606_1237",4013
"20180606_1238",3970
"20180606_1239",3971
"20180606_1240",4052
"20180606_1241",4028
"20180606_1242",4025
"20180606_1243",4100
"20180606_1244",4139
"20180606_1245",4190
"20180606_1246",4477
"20180606_1247",4294
"20180606_1248",4297
"20180606_1249",4376
"20180606_1250",4202
"20180606_1251",4174
"20180606_1252",4274
"20180606_1253",4167
"20180606_1254",4322
"20180606_1255",4227
"20180606_1256",4161
"20180606_1257",4126
"20180606_1258",4141
"20180606_1259",4167
"20180606_1300",4056
"20180606_1301",3972
"20180606_1302",4054
"20180606_1303",3956
"20180606_1304",4017
"20180606_1305",3952
"20180606_1306",3972
"20180606_1307",3938
"20180606_1308",3947
"20180606_1309",3939
"20180606_1310",3914
"20180606_1311",4035
"20180606_1312",3826
"20180606_1313",3765
"20180606_1314",4365
"20180606_1315",4146
"20180606_1316",3839
"20180606_1317",3554
"20180606_1318",3634
"20180606_1319",4027
"20180606_1320",4344
"20180606_1321",4259
"20180606_1322",4212
"20180606_1323",4078
"20180606_1324",4007
"20180606_1325",3865
"20180606_1326",4153
"20180606_1327",3997
"20180606_1328",3937
"20180606_1329",3886
"20180606_1330",3854
"20180606_1331",3933
"20180606_1332",3800
"20180606_1333",3864
"20180606_1334",3876
"20180606_1335",3879
"20180606_1336",3875
"20180606_1337",3908
"20180606_1338",3822
"20180606_1339",3804
"20180606_1340",3682
"20180606_1341",3791
"20180606_1342",3723
"20180606_1343",3663
"20180606_1344",3590
"20180606_1345",3691
"20180606_1346",3702
"20180606_1347",3577
"20180606_1348",3635
"20180606_1349",3666
"20180606_1350",3640
"20180606_1351",3690
"20180606_1352",3599
"20180606_1353",3591
"20180606_1354",3534
"20180606_1355",3538
"20180606_1356",3440
"20180606_1357",3400
"20180606_1358",3452
"20180606_1359",3484
"20180606_1400",3450
"20180606_1401",3442
"20180606_1402",3464
"20180606_1403",3439
"20180606_1404",3273
"20180606_1405",3383
"20180606_1406",3348
"20180606_1407",3402
"20180606_1408",3338
"20180606_1409",3338
"20180606_1410",3389
"20180606_1411",3301
"20180606_1412",3202
"20180606_1413",3326
"20180606_1414",3270
"20180606_1415",3259
"20180606_1416",3155
"20180606_1417",3189
"20180606_1418",3111
"20180606_1419",3255
"20180606_1420",3102
"20180606_1421",3149
"20180606_1422",3155
"20180606_1423",3211
"20180606_1424",3171
"20180606_1425",3165
"20180606_1426",3163
"20180606_1427",3147
"20180606_1428",3249
"20180606_1429",3127
"20180606_1430",3172
"20180606_1431",3124
"20180606_1432",3208
"20180606_1433",3163
"20180606_1434",3102
"20180606_1435",3237
"20180606_1436",3062
"20180606_1437",3020
"20180606_1438",3091
"20180606_1439",3162
"20180606_1440",3020
"20180606_1441",3091
"20180606_1442",3047
"20180606_1443",3130
"20180606_1444",3084
"20180606_1445",3180
"20180606_1446",3098
"20180606_1447",3204
"20180606_1448",3131
"20180606_1449",3167
"20180606_1450",3098
"20180606_1451",3046
"20180606_1452",3109
"20180606_1453",3057
"20180606_1454",3207
"20180606_1455",3255
"20180606_1456",3222
"20180606_1457",3193
"20180606_1458",3116
"20180606_1459",3231
"20180606_1500",3202
"20180606_1501",3211
"20180606_1502",3273
"20180606_1503",3285
"20180606_1504",3210
"20180606_1505",3301
"20180606_1506",3235
"20180606_1507",3317
"20180606_1508",3252
"20180606_1509",3295
"20180606_1510",3186
"20180606_1511",3226
"20180606_1512",3321
"20180606_1513",3278
"20180606_1514",3227
"20180606_1515",3231
"20180606_1516",3260
"20180606_1517",3246
"20180606_1518",3164
"20180606_1519",3196
"20180606_1520",3233
"20180606_1521",3266
"20180606_1522",3201
"20180606_1523",3293
"20180606_1524",3232
"20180606_1525",3309
"20180606_1526",3270
"20180606_1527",3293
"20180606_1528",3288
"20180606_1529",3352
"20180606_1530",3059
"20180606_1531",3425
"20180606_1532",3379
"20180606_1533",3231
"20180606_1534",3388
"20180606_1535",3420
"20180606_1536",3249
"20180606_1537",3428
"20180606_1538",3340
"20180606_1539",3217
"20180606_1540",3390
"20180606_1541",3337
"20180606_1542",3302
"20180606_1543",3371
"20180606_1544",3401
"20180606_1545",3407
"20180606_1546",3344
"20180606_1547",3493
"20180606_1548",3419
"20180606_1549",3354
"20180606_1550",3445
"20180606_1551",3407
"20180606_1552",3386
"20180606_1553",3445
"20180606_1554",2959
"20180606_1555",3179
"20180606_1556",3748
"20180606_1557",3299
"20180606_1558",3203
"20180606_1559",3414
"20180606_1600",3887
"20180606_1601",3490
"20180606_1602",3660
"20180606_1603",3563
"20180606_1604",3527
"20180606_1605",3567
"20180606_1606",3537
"20180606_1607",3547
"20180606_1608",3665
"20180606_1609",3532
"20180606_1610",3574
"20180606_1611",3603
"20180606_1612",3496
"20180606_1613",3507
"20180606_1614",3664
"20180606_1615",3552
"20180606_1616",3658
"20180606_1617",3521
"20180606_1618",3445
"20180606_1619",3352
"20180606_1620",3641
"20180606_1621",3643
"20180606_1622",3560
"20180606_1623",3595
"20180606_1624",3535
"20180606_1625",3621
"20180606_1626",3612
"20180606_1627",3622
"20180606_1628",3504
"20180606_1629",3607
"20180606_1630",3699
"20180606_1631",3631
"20180606_1632",3527
"20180606_1633",3706
"20180606_1634",3548
"20180606_1635",3723
"20180606_1636",3540
"20180606_1637",3687
"20180606_1638",3628
"20180606_1639",3841
"20180606_1640",3687
"20180606_1641",3675
"20180606_1642",3681
"20180606_1643",3708
"20180606_1644",3605
"20180606_1645",3813
"20180606_1646",3721
"20180606_1647",3693
"20180606_1648",3687
"20180606_1649",3680
"20180606_1650",3716
"20180606_1651",3737
"20180606_1652",3722
"20180606_1653",3824
"20180606_1654",3656
"20180606_1655",3703
"20180606_1656",3872
"20180606_1657",3666
"20180606_1658",3843
"20180606_1659",3766
"20180606_1700",3796
"20180606_1701",3898
"20180606_1702",3887
"20180606_1703",3853
"20180606_1704",3952
"20180606_1705",3906
"20180606_1706",3944
"20180606_1707",4034
"20180606_1708",4082
"20180606_1709",3971
"20180606_1710",3963
"20180606_1711",3943
"20180606_1712",4020
"20180606_1713",3953
"20180606_1714",4005
"20180606_1715",3960
"20180606_1716",4097
"20180606_1717",4018
"20180606_1718",3984
"20180606_1719",4024
"20180606_1720",4046
"20180606_1721",4094
"20180606_1722",4049
"20180606_1723",4115
"20180606_1724",4040
"20180606_1725",4200
"20180606_1726",4126
"20180606_1727",4111
"20180606_1728",4096
"20180606_1729",4055
"20180606_1730",3980
"20180606_1731",4161
"20180606_1732",4066
"20180606_1733",4068
"20180606_1734",4233
"20180606_1735",3822
"20180606_1736",4151
"20180606_1737",4090
"20180606_1738",4120
"20180606_1739",4196
"20180606_1740",4154
"20180606_1741",4101
"20180606_1742",4101
"20180606_1743",4231
"20180606_1744",3977
"20180606_1745",4046
"20180606_1746",4252
"20180606_1747",4018
"20180606_1748",4169
"20180606_1749",4050
"20180606_1750",3915
"20180606_1751",4113
"20180606_1752",4162
"20180606_1753",4084
"20180606_1754",3992
"20180606_1755",4005
"20180606_1756",3888
"20180606_1757",3957
"20180606_1758",4125
"20180606_1759",3934
"20180606_1800",4033
"20180606_1801",3970
"20180606_1802",3985
"20180606_1803",3963
"20180606_1804",4022
"20180606_1805",3987
"20180606_1806",4032
"20180606_1807",3919
"20180606_1808",3707
"20180606_1809",3845
"20180606_1810",3913
"20180606_1811",3873
"20180606_1812",3836
"20180606_1813",3768
"20180606_1814",3739
"20180606_1815",3778
"20180606_1816",3777
"20180606_1817",3647
"20180606_1818",3865
"20180606_1819",3657
"20180606_1820",3713
"20180606_1821",3776
"20180606_1822",3679
"20180606_1823",3853
"20180606_1824",3668
"20180606_1825",3719
"20180606_1826",3671
"20180606_1827",3585
"20180606_1828",3681
"20180606_1829",3684
"20180606_1830",3834
"20180606_1831",3747
"20180606_1832",3600
"20180606_1833",3686
"20180606_1834",3778
"20180606_1835",3585
"20180606_1836",3555
"20180606_1837",3693
"20180606_1838",3574
"20180606_1839",3651
"20180606_1840",3781
"20180606_1841",3533
"20180606_1842",3687
"20180606_1843",3651
"20180606_1844",3631
"20180606_1845",3507
"20180606_1846",3690
"20180606_1847",3594
"20180606_1848",3698
"20180606_1849",3576
"20180606_1850",3644
"20180606_1851",3560
"20180606_1852",3679
"20180606_1853",3635
"20180606_1854",3666
"20180606_1855",3590
"20180606_1856",3498
"20180606_1857",3495
"20180606_1858",3510
"20180606_1859",3497
"20180606_1900",3589
"20180606_1901",3556
"20180606_1902",3586
"20180606_1903",3496
"20180606_1904",3457
"20180606_1905",3462
"20180606_1906",3410
"20180606_1907",3345
"20180606_1908",3413
"20180606_1909",3350
"20180606_1910",3342
"20180606_1911",3263
"20180606_1912",3270
"20180606_1913",3281
"20180606_1914",3485
"20180606_1915",3243
"20180606_1916",3205
"20180606_1917",3223
"20180606_1918",3246
"20180606_1919",3162
"20180606_1920",3239
"20180606_1921",3178
"20180606_1922",3079
"20180606_1923",3122
"20180606_1924",3145
"20180606_1925",3059
"20180606_1926",3046
"20180606_1927",3127
"20180606_1928",3121
"20180606_1929",3049
"20180606_1930",3189
"20180606_1931",2972
"20180606_1932",3041
"20180606_1933",3069
"20180606_1934",3018
"20180606_1935",2957
"20180606_1936",2926
"20180606_1937",2925
"20180606_1938",2998
"20180606_1939",2982
"20180606_1940",2999
"20180606_1941",2916
"20180606_1942",2860
"20180606_1943",2935
"20180606_1944",2849
"20180606_1945",2892
"20180606_1946",2853
"20180606_1947",2983
"20180606_1948",2881
"20180606_1949",2914
"20180606_1950",2922
"20180606_1951",2831
"20180606_1952",2954
"20180606_1953",2780
"20180606_1954",2816
"20180606_1955",2897
"20180606_1956",2871
"20180606_1957",2928
"20180606_1958",2770
"20180606_1959",2894
"20180606_2000",2825
"20180606_2001",2813
"20180606_2002",2871
"20180606_2003",2880
"20180606_2004",2834
"20180606_2005",2823
"20180606_2006",2732
"20180606_2007",2776
"20180606_2008",2812
"20180606_2009",2816
"20180606_2010",2824
"20180606_2011",2730
"20180606_2012",2709
"20180606_2013",2673
"20180606_2014",2751
"20180606_2015",2754
"20180606_2016",2716
"20180606_2017",2804
"20180606_2018",2676
"20180606_2019",2791
"20180606_2020",2796
"20180606_2021",2668
"20180606_2022",2696
"20180606_2023",2766
"20180606_2024",2705
"20180606_2025",2687
"20180606_2026",2700
"20180606_2027",2694
"20180606_2028",2758
"20180606_2029",2698
"20180606_2030",2913
"20180606_2031",2793
"20180606_2032",2776
"20180606_2033",2748
"20180606_2034",2688
"20180606_2035",2856
"20180606_2036",2702
"20180606_2037",2770
"20180606_2038",2718
"20180606_2039",2765
"20180606_2040",2637
"20180606_2041",2699
"20180606_2042",2695
"20180606_2043",2739
"20180606_2044",2735
"20180606_2045",2650
"20180606_2046",2559
"20180606_2047",2605
"20180606_2048",2647
"20180606_2049",2608
"20180606_2050",2590
"20180606_2051",2715
"20180606_2052",2632
"20180606_2053",2577
"20180606_2054",2545
"20180606_2055",2555
"20180606_2056",2505
"20180606_2057",2480
"20180606_2058",2487
"20180606_2059",2481
"20180606_2100",2548
"20180606_2101",2444
"20180606_2102",2546
"20180606_2103",2587
"20180606_2104",2452
"20180606_2105",2436
"20180606_2106",2435
"20180606_2107",2388
"20180606_2108",2366
"20180606_2109",2415
"20180606_2110",2346
"20180606_2111",2355
"20180606_2112",2292
"20180606_2113",2291
"20180606_2114",2334
"20180606_2115",2330
"20180606_2116",2199
"20180606_2117",2282
"20180606_2118",2384
"20180606_2119",2263
"20180606_2120",2180
"20180606_2121",2135
"20180606_2122",2170
"20180606_2123",2218
"20180606_2124",2261
"20180606_2125",2137
"20180606_2126",2191
"20180606_2127",2214
"20180606_2128",2230
"20180606_2129",2125
"20180606_2130",2089
"20180606_2131",2076
"20180606_2132",2214
"20180606_2133",2049
"20180606_2134",2146
"20180606_2135",2059
"20180606_2136",2063
"20180606_2137",2120
"20180606_2138",1998
"20180606_2139",2060
"20180606_2140",1934
"20180606_2141",1999
"20180606_2142",2030
"20180606_2143",2009
"20180606_2144",1948
"20180606_2145",2016
"20180606_2146",1939
"20180606_2147",1885
"20180606_2148",2066
"20180606_2149",2063
"20180606_2150",1961
"20180606_2151",2022
"20180606_2152",2007
"20180606_2153",1888
"20180606_2154",1949
"20180606_2155",1913
"20180606_2156",1888
"20180606_2157",1947
"20180606_2158",1876
"20180606_2159",1971
"20180606_2200",1936
"20180606_2201",1810
"20180606_2202",1923
"20180606_2203",1839
"20180606_2204",1822
"20180606_2205",1764
"20180606_2206",1778
"20180606_2207",1763
"20180606_2208",1794
"20180606_2209",1819
"20180606_2210",1894
"20180606_2211",1890
"20180606_2212",1922
"20180606_2213",1840
"20180606_2214",1874
"20180606_2215",1902
"20180606_2216",1808
"20180606_2217",1847
"20180606_2218",1857
"20180606_2219",1790
"20180606_2220",1777
"20180606_2221",1826
"20180606_2222",1852
"20180606_2223",1753
"20180606_2224",1734
"20180606_2225",1743
"20180606_2226",1730
"20180606_2227",1715
"20180606_2228",1615
"20180606_2229",1596
"20180606_2230",1484
"20180606_2231",1619
"20180606_2232",1503
"20180606_2233",1483
"20180606_2234",1511
"20180606_2235",1538
"20180606_2236",1478
"20180606_2237",1467
"20180606_2238",1477
"20180606_2239",1406
"20180606_2240",1387
"20180606_2241",1379
"20180606_2242",1367
"20180606_2243",1390
"20180606_2244",1333
"20180606_2245",1336
"20180606_2246",1346
"20180606_2247",1348
"20180606_2248",1365
"20180606_2249",1209
"20180606_2250",1319
"20180606_2251",1328
"20180606_2252",1240
"20180606_2253",1376
"20180606_2254",1436
"20180606_2255",1322
"20180606_2256",1321
"20180606_2257",1276
"20180606_2258",1251
"20180606_2259",1159
"20180606_2300",1252
"20180606_2301",1263
"20180606_2302",1140
"20180606_2303",1197
"20180606_2304",1148
"20180606_2305",1136
"20180606_2306",1135
"20180606_2307",1145
"20180606_2308",1067
"20180606_2309",1104
"20180606_2310",1100
"20180606_2311",1104
"20180606_2312",999
"20180606_2313",1016
"20180606_2314",984
"20180606_2315",1020
"20180606_2316",946
"20180606_2317",1005
"20180606_2318",941
"20180606_2319",881
"20180606_2320",930
"20180606_2321",897
"20180606_2322",897
"20180606_2323",891
"20180606_2324",905
"20180606_2325",855
"20180606_2326",809
"20180606_2327",852
"20180606_2328",892
"20180606_2329",837
"20180606_2330",852
"20180606_2331",839
"20180606_2332",806
"20180606_2333",850
"20180606_2334",843
"20180606_2335",842
"20180606_2336",837
"20180606_2337",753
"20180606_2338",821
"20180606_2339",913
"20180606_2340",971
"20180606_2341",916
"20180606_2342",869
"20180606_2343",888
"20180606_2344",852
"20180606_2345",829
"20180606_2346",777
"20180606_2347",798
"20180606_2348",799
"20180606_2349",777
"20180606_2350",691
"20180606_2351",745
"20180606_2352",732
"20180606_2353",696
"20180606_2354",696
"20180606_2355",680
"20180606_2356",685
"20180606_2357",699
"20180606_2358",586
"20180606_2359",558
"20180607_0000",480
"20180607_0001",524
"20180607_0002",537
"20180607_0003",552
"20180607_0004",508
"20180607_0005",557
"20180607_0006",639
"20180607_0007",554
"20180607_0008",543
"20180607_0009",546
"20180607_0010",514
"20180607_0011",501
"20180607_0012",487
"20180607_0013",462
"20180607_0014",463
"20180607_0015",457
"20180607_0016",430
"20180607_0017",390
"20180607_0018",406
"20180607_0019",410
"20180607_0020",453
"20180607_0021",420
"20180607_0022",402
"20180607_0023",411
"20180607_0024",391
"20180607_0025",392
"20180607_0026",342
"20180607_0027",368
"20180607_0028",377
"20180607_0029",355
"20180607_0030",381
"20180607_0031",364
"20180607_0032",388
"20180607_0033",367
"20180607_0034",366
"20180607_0035",378
"20180607_0036",359
"20180607_0037",318
"20180607_0038",329
"20180607_0039",310
"20180607_0040",294
"20180607_0041",292
"20180607_0042",322
"20180607_0043",320
"20180607_0044",302
"20180607_0045",300
"20180607_0046",333
"20180607_0047",327
"20180607_0048",284
"20180607_0049",293
"20180607_0050",293
"20180607_0051",279
"20180607_0052",287
"20180607_0053",250
"20180607_0054",311
"20180607_0055",296
"20180607_0056",285
"20180607_0057",254
"20180607_0058",251
"20180607_0059",244
"20180607_0100",279
"20180607_0101",247
"20180607_0102",268
"20180607_0103",237
"20180607_0104",246
"20180607_0105",242
"20180607_0106",243
"20180607_0107",249
"20180607_0108",225
"20180607_0109",236
"20180607_0110",249
"20180607_0111",202
"20180607_0112",204
"20180607_0113",224
"20180607_0114",212
"20180607_0115",193
"20180607_0116",211
"20180607_0117",191
"20180607_0118",199
"20180607_0119",198
"20180607_0120",187
"20180607_0121",210
"20180607_0122",179
"20180607_0123",173
"20180607_0124",211
"20180607_0125",189
"20180607_0126",163
"20180607_0127",183
"20180607_0128",192
"20180607_0129",188
"20180607_0130",176
"20180607_0131",192
"20180607_0132",246
"20180607_0133",216
"20180607_0134",166
"20180607_0135",258
"20180607_0136",256
"20180607_0137",259
"20180607_0138",313
"20180607_0139",224
"20180607_0140",266
"20180607_0141",170
"20180607_0142",247
"20180607_0143",212
"20180607_0144",303
"20180607_0145",252
"20180607_0146",249
"20180607_0147",281
"20180607_0148",192
"20180607_0149",284
"20180607_0150",237
"20180607_0151",231
"20180607_0152",201
"20180607_0153",226
"20180607_0154",166
"20180607_0155",243
"20180607_0156",244
"20180607_0157",195
"20180607_0158",224
"20180607_0159",244
"20180607_0200",194
"20180607_0201",174
"20180607_0202",247
"20180607_0203",200
"20180607_0204",231
"20180607_0205",230
"20180607_0206",217
"20180607_0207",147
"20180607_0208",117
"20180607_0209",108
"20180607_0210",122
"20180607_0211",113
"20180607_0212",127
"20180607_0213",112
"20180607_0214",115
"20180607_0215",107
"20180607_0216",104
"20180607_0217",108
"20180607_0218",113
"20180607_0219",115
"20180607_0220",102
"20180607_0221",107
"20180607_0222",103
"20180607_0223",111
"20180607_0224",98
"20180607_0225",105
"20180607_0226",101
"20180607_0227",93
"20180607_0228",106
"20180607_0229",101
"20180607_0230",80
"20180607_0231",91
"20180607_0232",391
"20180607_0233",237
"20180607_0234",107
"20180607_0235",98
"20180607_0236",78
"20180607_0237",89
"20180607_0238",83
"20180607_0239",96
"20180607_0240",79
"20180607_0241",87
"20180607_0242",60
"20180607_0243",73
"20180607_0244",91
"20180607_0245",77
"20180607_0246",101
"20180607_0247",88
"20180607_0248",77
"20180607_0249",80
"20180607_0250",75
"20180607_0251",79
"20180607_0252",69
"20180607_0253",81
"20180607_0254",93
"20180607_0255",87
"20180607_0256",86
"20180607_0257",81
"20180607_0258",74
"20180607_0259",63
"20180607_0300",139
"20180607_0301",117
"20180607_0302",98
"20180607_0303",103
"20180607_0304",92
"20180607_0305",100
"20180607_0306",88
"20180607_0307",98
"20180607_0308",67
"20180607_0309",64
"20180607_0310",70
"20180607_0311",73
"20180607_0312",76
"20180607_0313",114
"20180607_0314",233
"20180607_0315",175
"20180607_0316",193
"20180607_0317",299
"20180607_0318",131
"20180607_0319",56
"20180607_0320",73
"20180607_0321",74
"20180607_0322",61
"20180607_0323",67
"20180607_0324",50
"20180607_0325",72
"20180607_0326",245
"20180607_0327",117
"20180607_0328",58
"20180607_0329",70
"20180607_0330",87
"20180607_0331",54
"20180607_0332",89
"20180607_0333",102
"20180607_0334",91
"20180607_0335",86
"20180607_0336",104
"20180607_0337",60
"20180607_0338",228
"20180607_0339",166
"20180607_0340",207
"20180607_0341",210
"20180607_0342",188
"20180607_0343",179
"20180607_0344",214
"20180607_0345",184
"20180607_0346",186
"20180607_0347",159
"20180607_0348",130
"20180607_0349",166
"20180607_0350",138
"20180607_0351",240
"20180607_0352",105
"20180607_0353",48
"20180607_0354",42
"20180607_0355",56
"20180607_0356",59
"20180607_0357",54
"20180607_0358",72
"20180607_0359",62
"20180607_0400",68
"20180607_0401",74
"20180607_0402",74
"20180607_0403",87
"20180607_0404",68
"20180607_0405",70
"20180607_0406",67
"20180607_0407",52
"20180607_0408",61
"20180607_0409",49
"20180607_0410",47
"20180607_0411",54
"20180607_0412",45
"20180607_0413",44
"20180607_0414",59
"20180607_0415",42
"20180607_0416",52
"20180607_0417",49
"20180607_0418",42
"20180607_0419",50
"20180607_0420",43
"20180607_0421",43
"20180607_0422",45
"20180607_0423",51
"20180607_0424",50
"20180607_0425",62
"20180607_0426",39
"20180607_0427",50
"20180607_0428",46
"20180607_0429",41
"20180607_0430",46
"20180607_0431",90
"20180607_0432",344
"20180607_0433",250
"20180607_0434",274
"20180607_0435",250
"20180607_0436",84
"20180607_0437",84
"20180607_0438",163
"20180607_0439",86
"20180607_0440",47
"20180607_0441",53
"20180607_0442",53
"20180607_0443",52
"20180607_0444",46
"20180607_0445",57
"20180607_0446",49
"20180607_0447",50
"20180607_0448",45
"20180607_0449",60
"20180607_0450",52
"20180607_0451",56
"20180607_0452",67
"20180607_0453",58
"20180607_0454",62
"20180607_0455",59
"20180607_0456",61
"20180607_0457",53
"20180607_0458",46
"20180607_0459",54
"20180607_0500",73
"20180607_0501",69
"20180607_0502",77
"20180607_0503",69
"20180607_0504",51
"20180607_0505",73
"20180607_0506",74
"20180607_0507",72
"20180607_0508",71
"20180607_0509",75
"20180607_0510",41
"20180607_0511",74
"20180607_0512",60
"20180607_0513",61
"20180607_0514",54
"20180607_0515",68
"20180607_0516",65
"20180607_0517",57
"20180607_0518",64
"20180607_0519",63
"20180607_0520",50
"20180607_0521",49
"20180607_0522",73
"20180607_0523",80
"20180607_0524",76
"20180607_0525",73
"20180607_0526",81
"20180607_0527",60
"20180607_0528",61
"20180607_0529",65
"20180607_0530",77
"20180607_0531",76
"20180607_0532",76
"20180607_0533",80
"20180607_0534",98
"20180607_0535",86
"20180607_0536",88
"20180607_0537",93
"20180607_0538",91
"20180607_0539",90
"20180607_0540",90
"20180607_0541",85
"20180607_0542",100
"20180607_0543",88
"20180607_0544",87
"20180607_0545",97
"20180607_0546",88
"20180607_0547",95
"20180607_0548",95
"20180607_0549",111
"20180607_0550",105
"20180607_0551",111
"20180607_0552",132
"20180607_0553",143
"20180607_0554",84
"20180607_0555",116
"20180607_0556",124
"20180607_0557",109
"20180607_0558",126
"20180607_0559",133
"20180607_0600",145
"20180607_0601",161
"20180607_0602",179
"20180607_0603",168
"20180607_0604",159
"20180607_0605",157
"20180607_0606",169
"20180607_0607",148
"20180607_0608",145
"20180607_0609",160
"20180607_0610",159
"20180607_0611",203
"20180607_0612",196
"20180607_0613",191
"20180607_0614",204
"20180607_0615",219
"20180607_0616",227
"20180607_0617",202
"20180607_0618",237
"20180607_0619",232
"20180607_0620",264
"20180607_0621",263
"20180607_0622",254
"20180607_0623",234
"20180607_0624",248
"20180607_0625",273
"20180607_0626",319
"20180607_0627",275
"20180607_0628",325
"20180607_0629",373
"20180607_0630",274
"20180607_0631",322
"20180607_0632",379
"20180607_0633",674
"20180607_0634",680
"20180607_0635",620
"20180607_0636",303
"20180607_0637",360
"20180607_0638",361
"20180607_0639",494
"20180607_0640",647
"20180607_0641",687
"20180607_0642",687
"20180607_0643",627
"20180607_0644",613
"20180607_0645",731
"20180607_0646",682
"20180607_0647",667
"20180607_0648",669
"20180607_0649",676
"20180607_0650",712
"20180607_0651",806
"20180607_0652",746
"20180607_0653",741
"20180607_0654",794
"20180607_0655",727
"20180607_0656",789
"20180607_0657",783
"20180607_0658",771
"20180607_0659",886
"20180607_0700",772
"20180607_0701",769
"20180607_0702",734
"20180607_0703",927
"20180607_0704",895
"20180607_0705",850
"20180607_0706",953
"20180607_0707",828
"20180607_0708",859
"20180607_0709",942
"20180607_0710",877
"20180607_0711",968
"20180607_0712",864
"20180607_0713",826
"20180607_0714",920
"20180607_0715",1024
"20180607_0716",960
"20180607_0717",949
"20180607_0718",1012
"20180607_0719",905
"20180607_0720",1034
"20180607_0721",1165
"20180607_0722",1227
"20180607_0723",1191
"20180607_0724",877
"20180607_0725",895
"20180607_0726",890
"20180607_0727",815
"20180607_0728",852
"20180607_0729",839
"20180607_0730",878
"20180607_0731",928
"20180607_0732",1152
"20180607_0733",1349
"20180607_0734",1061
"20180607_0735",916
"20180607_0736",944
"20180607_0737",941
"20180607_0738",948
"20180607_0739",1012
"20180607_0740",1013
"20180607_0741",1041
"20180607_0742",1022
"20180607_0743",1049
"20180607_0744",994
"20180607_0745",1115
"20180607_0746",1072
"20180607_0747",1054
"20180607_0748",1078
"20180607_0749",1119
"20180607_0750",1155
"20180607_0751",1169
"20180607_0752",1207
"20180607_0753",1197
"20180607_0754",1119
"20180607_0755",1198
"20180607_0756",1208
"20180607_0757",1204
"20180607_0758",1271
"20180607_0759",1189
"20180607_0800",1218
"20180607_0801",1189
"20180607_0802",1329
"20180607_0803",1269
"20180607_0804",1269
"20180607_0805",1259
"20180607_0806",1263
"20180607_0807",1293
"20180607_0808",1339
"20180607_0809",1294
"20180607_0810",1290
"20180607_0811",1292
"20180607_0812",1362
"20180607_0813",1372
"20180607_0814",1365
"20180607_0815",1373
"20180607_0816",1377
"20180607_0817",1415
"20180607_0818",1414
"20180607_0819",1375
"20180607_0820",1383
"20180607_0821",1360
"20180607_0822",1440
"20180607_0823",1457
"20180607_0824",1453
"20180607_0825",1428
"20180607_0826",1482
"20180607_0827",1545
"20180607_0828",1477
"20180607_0829",1496
"20180607_0830",1496
"20180607_0831",1540
"20180607_0832",1606
"20180607_0833",1561
"20180607_0834",1570
"20180607_0835",1656
"20180607_0836",1544
"20180607_0837",1651
"20180607_0838",1516
"20180607_0839",1635
"20180607_0840",1581
"20180607_0841",1630
"20180607_0842",1655
"20180607_0843",1650
"20180607_0844",1651
"20180607_0845",1660
"20180607_0846",1693
"20180607_0847",1745
"20180607_0848",1733
"20180607_0849",1745
"20180607_0850",1791
"20180607_0851",1786
"20180607_0852",1733
"20180607_0853",1835
"20180607_0854",1915
"20180607_0855",1873
"20180607_0856",1758
"20180607_0857",1886
"20180607_0858",1887
"20180607_0859",1839
"20180607_0900",1883
"20180607_0901",1939
"20180607_0902",2027
"20180607_0903",2044
"20180607_0904",1969
"20180607_0905",2073
"20180607_0906",2061
"20180607_0907",2047
"20180607_0908",2054
"20180607_0909",2096
"20180607_0910",1992
"20180607_0911",2046
"20180607_0912",2066
"20180607_0913",2067
"20180607_0914",2067
"20180607_0915",2077
"20180607_0916",2162
"20180607_0917",2079
"20180607_0918",2198
"20180607_0919",2158
"20180607_0920",2134
"20180607_0921",2230
"20180607_0922",2224
"20180607_0923",2168
"20180607_0924",2204
"20180607_0925",2213
"20180607_0926",2247
"20180607_0927",2175
"20180607_0928",2292
"20180607_0929",2263
"20180607_0930",2295
"20180607_0931",2299
"20180607_0932",2369
"20180607_0933",2372
"20180607_0934",2416
"20180607_0935",2422
"20180607_0936",2442
"20180607_0937",2424
"20180607_0938",2415
"20180607_0939",2444
"20180607_0940",2441
"20180607_0941",2458
"20180607_0942",2475
"20180607_0943",2487
"20180607_0944",2373
"20180607_0945",2560
"20180607_0946",2522
"20180607_0947",2441
"20180607_0948",2593
"20180607_0949",2559
"20180607_0950",2518
"20180607_0951",2617
"20180607_0952",2566
"20180607_0953",2752
"20180607_0954",2591
"20180607_0955",2676
"20180607_0956",2582
"20180607_0957",2590
"20180607_0958",2573
"20180607_0959",2621
"20180607_1000",2631
"20180607_1001",2731
"20180607_1002",2731
"20180607_1003",2663
"20180607_1004",2687
"20180607_1005",2657
"20180607_1006",2682
"20180607_1007",2676
"20180607_1008",2707
"20180607_1009",2774
"20180607_1010",2899
"20180607_1011",2802
"20180607_1012",2724
"20180607_1013",2680
"20180607_1014",2714
"20180607_1015",2659
"20180607_1016",2720
"20180607_1017",2735
"20180607_1018",2756
"20180607_1019",2683
"20180607_1020",2709
"20180607_1021",2720
"20180607_1022",2735
"20180607_1023",2728
"20180607_1024",2872
"20180607_1025",2890
"20180607_1026",2718
"20180607_1027",2879
"20180607_1028",2756
"20180607_1029",2805
"20180607_1030",2797
"20180607_1031",2786
"20180607_1032",2860
"20180607_1033",2906
"20180607_1034",2831
"20180607_1035",2899
"20180607_1036",2854
"20180607_1037",2878
"20180607_1038",2761
"20180607_1039",2983
"20180607_1040",2919
"20180607_1041",2948
"20180607_1042",2752
"20180607_1043",2921
"20180607_1044",2980
"20180607_1045",2856
"20180607_1046",2898
"20180607_1047",2849
"20180607_1048",2989
"20180607_1049",2994
"20180607_1050",3052
"20180607_1051",2887
"20180607_1052",3000
"20180607_1053",2885
"20180607_1054",2895
"20180607_1055",2996
"20180607_1056",2873
"20180607_1057",3144
"20180607_1058",3070
"20180607_1059",2947
"20180607_1100",2985
"20180607_1101",3022
"20180607_1102",3112
"20180607_1103",3112
"20180607_1104",3060
"20180607_1105",3174
"20180607_1106",3193
"20180607_1107",3203
"20180607_1108",3213
"20180607_1109",3285
"20180607_1110",3287
"20180607_1111",3238
"20180607_1112",3258
"20180607_1113",3301
"20180607_1114",3204
"20180607_1115",3308
"20180607_1116",3352
"20180607_1117",3264
"20180607_1118",3233
"20180607_1119",3262
"20180607_1120",3325
"20180607_1121",3307
"20180607_1122",3341
"20180607_1123",3318
"20180607_1124",3397
"20180607_1125",3490
"20180607_1126",3463
"20180607_1127",3510
"20180607_1128",3539
"20180607_1129",3564
"20180607_1130",3538
"20180607_1131",3536
"20180607_1132",3593
"20180607_1133",3560
"20180607_1134",3544
"20180607_1135",3575
"20180607_1136",3675
"20180607_1137",3678
"20180607_1138",3693
"20180607_1139",3830
"20180607_1140",3698
"20180607_1141",3806
"20180607_1142",3806
"20180607_1143",3943
"20180607_1144",3841
"20180607_1145",3898
"20180607_1146",3822
"20180607_1147",3961
"20180607_1148",3825
"20180607_1149",4050
"20180607_1150",3877
"20180607_1151",3926
"20180607_1152",3982
"20180607_1153",4051
"20180607_1154",4045
"20180607_1155",4151
"20180607_1156",4055
"20180607_1157",4182
"20180607_1158",4098
"20180607_1159",4081
"20180607_1200",4128
"20180607_1201",4088
"20180607_1202",4249
"20180607_1203",4384
"20180607_1204",4334
"20180607_1205",4377
"20180607_1206",4599
"20180607_1207",4507
"20180607_1208",4412
"20180607_1209",4574
"20180607_1210",4493
"20180607_1211",4520
"20180607_1212",4445
"20180607_1213",4610
"20180607_1214",4502
"20180607_1215",4429
"20180607_1216",4481
"20180607_1217",4443
"20180607_1218",4583
"20180607_1219",4662
"20180607_1220",4559
"20180607_1221",4650
"20180607_1222",4694
"20180607_1223",4675
"20180607_1224",4742
"20180607_1225",4679
"20180607_1226",4362
"20180607_1227",4672
"20180607_1228",4640
"20180607_1229",4609
"20180607_1230",4886
"20180607_1231",4709
"20180607_1232",4789
"20180607_1233",4713
"20180607_1234",4728
"20180607_1235",4980
"20180607_1236",4847
"20180607_1237",4767
"20180607_1238",4734
"20180607_1239",4933
"20180607_1240",4869
"20180607_1241",4806
"20180607_1242",4826
"20180607_1243",4932
"20180607_1244",4935
"20180607_1245",4856
"20180607_1246",4945
"20180607_1247",4611
"20180607_1248",4912
"20180607_1249",4733
"20180607_1250",4855
"20180607_1251",4682
"20180607_1252",4715
"20180607_1253",4777
"20180607_1254",4672
"20180607_1255",4779
"20180607_1256",4767
"20180607_1257",4586
"20180607_1258",4537
"20180607_1259",4620
"20180607_1300",4619
"20180607_1301",4615
"20180607_1302",4500
"20180607_1303",4536
"20180607_1304",4565
"20180607_1305",4364
"20180607_1306",4507
"20180607_1307",4472
"20180607_1308",4399
"20180607_1309",4506
"20180607_1310",4336
"20180607_1311",4403
"20180607_1312",4410
"20180607_1313",4418
"20180607_1314",4400
"20180607_1315",4216
"20180607_1316",3203
"20180607_1317",3654
"20180607_1318",4845
"20180607_1319",4575
"20180607_1320",4356
"20180607_1321",4290
"20180607_1322",4162
"20180607_1323",4230
"20180607_1324",4134
"20180607_1325",4367
"20180607_1326",4252
"20180607_1327",4062
"20180607_1328",4136
"20180607_1329",4006
"20180607_1330",4138
"20180607_1331",3965
"20180607_1332",4123
"20180607_1333",4058
"20180607_1334",3996
"20180607_1335",3896
"20180607_1336",3936
"20180607_1337",4028
"20180607_1338",3884
"20180607_1339",3849
"20180607_1340",3804
"20180607_1341",3962
"20180607_1342",3856
"20180607_1343",3818
"20180607_1344",3869
"20180607_1345",3719
"20180607_1346",3794
"20180607_1347",3826
"20180607_1348",3751
"20180607_1349",3748
"20180607_1350",3788
"20180607_1351",3785
"20180607_1352",3906
"20180607_1353",3888
"20180607_1354",3638
"20180607_1355",3683
"20180607_1356",3544
"20180607_1357",3736
"20180607_1358",3672
"20180607_1359",3639
"20180607_1400",3516
"20180607_1401",3636
"20180607_1402",3689
"20180607_1403",3453
"20180607_1404",3580
"20180607_1405",3617
"20180607_1406",3420
"20180607_1407",3502
"20180607_1408",3477
"20180607_1409",3528
"20180607_1410",3565
"20180607_1411",3435
"20180607_1412",3471
"20180607_1413",3392
"20180607_1414",3416
"20180607_1415",3439
"20180607_1416",3374
"20180607_1417",3306
"20180607_1418",3278
"20180607_1419",3437
"20180607_1420",3334
"20180607_1421",3350
"20180607_1422",3293
"20180607_1423",3319
"20180607_1424",3319
"20180607_1425",3294
"20180607_1426",3347
"20180607_1427",3345
"20180607_1428",3302
"20180607_1429",3199
"20180607_1430",3291
"20180607_1431",3329
"20180607_1432",3266
"20180607_1433",3331
"20180607_1434",3307
"20180607_1435",3225
"20180607_1436",3238
"20180607_1437",3287
"20180607_1438",3203
"20180607_1439",3264
"20180607_1440",3216
"20180607_1441",3331
"20180607_1442",3202
"20180607_1443",3255
"20180607_1444",3242
"20180607_1445",3268
"20180607_1446",3199
"20180607_1447",3210
"20180607_1448",3212
"20180607_1449",3298
"20180607_1450",3273
"20180607_1451",3369
"20180607_1452",3234
"20180607_1453",3210
"20180607_1454",3225
"20180607_1455",3309
"20180607_1456",3390
"20180607_1457",3284
"20180607_1458",3357
"20180607_1459",3378
"20180607_1500",3275
"20180607_1501",3439
"20180607_1502",3272
"20180607_1503",3270
"20180607_1504",3395
"20180607_1505",3369
"20180607_1506",3417
"20180607_1507",3445
"20180607_1508",3410
"20180607_1509",3384
"20180607_1510",3257
"20180607_1511",3260
"20180607_1512",3292
"20180607_1513",3139
"20180607_1514",2963
"20180607_1515",3089
"20180607_1516",3014
"20180607_1517",2943
"20180607_1518",2979
"20180607_1519",2874
"20180607_1520",3226
"20180607_1521",3182
"20180607_1522",3074
"20180607_1523",3050
"20180607_1524",3076
"20180607_1525",2990
"20180607_1526",3094
"20180607_1527",3047
"20180607_1528",3032
"20180607_1529",3067
"20180607_1530",2899
"20180607_1531",3390
"20180607_1532",3181
"20180607_1533",3311
"20180607_1534",3039
"20180607_1535",3277
"20180607_1536",3440
"20180607_1537",3296
"20180607_1538",3241
"20180607_1539",3163
"20180607_1540",3383
"20180607_1541",3203
"20180607_1542",3283
"20180607_1543",3204
"20180607_1544",3420
"20180607_1545",3287
"20180607_1546",3199
"20180607_1547",3286
"20180607_1548",3338
"20180607_1549",3199
"20180607_1550",3204
"20180607_1551",3339
"20180607_1552",3518
"20180607_1553",3900
"20180607_1554",3710
"20180607_1555",3776
"20180607_1556",3623
"20180607_1557",3725
"20180607_1558",3618
"20180607_1559",3604
"20180607_1600",3540
"20180607_1601",3679
"20180607_1602",3697
"20180607_1603",3706
"20180607_1604",3638
"20180607_1605",3653
"20180607_1606",3774
"20180607_1607",3806
"20180607_1608",3750
"20180607_1609",3689
"20180607_1610",3726
"20180607_1611",3599
"20180607_1612",3722
"20180607_1613",3676
"20180607_1614",3737
"20180607_1615",3691
"20180607_1616",3617
"20180607_1617",3654
"20180607_1618",3745
"20180607_1619",3664
"20180607_1620",3643
"20180607_1621",3669
"20180607_1622",3636
"20180607_1623",3611
"20180607_1624",3678
"20180607_1625",3697
"20180607_1626",3827
"20180607_1627",3876
"20180607_1628",3733
"20180607_1629",3742
"20180607_1630",3723
"20180607_1631",3888
"20180607_1632",3861
"20180607_1633",3731
"20180607_1634",3805
"20180607_1635",3933
"20180607_1636",3911
"20180607_1637",3693
"20180607_1638",3907
"20180607_1639",3879
"20180607_1640",3782
"20180607_1641",3887
"20180607_1642",3935
"20180607_1643",3909
"20180607_1644",3905
"20180607_1645",3872
"20180607_1646",3836
"20180607_1647",3848
"20180607_1648",3879
"20180607_1649",3841
"20180607_1650",3859
"20180607_1651",3820
"20180607_1652",3881
"20180607_1653",3872
"20180607_1654",3892
"20180607_1655",3960
"20180607_1656",3892
"20180607_1657",3959
"20180607_1658",3779
"20180607_1659",3950
"20180607_1700",3919
"20180607_1701",3765
"20180607_1702",3989
"20180607_1703",3807
"20180607_1704",4089
"20180607_1705",4099
"20180607_1706",4171
"20180607_1707",4199
"20180607_1708",4043
"20180607_1709",4162
"20180607_1710",4165
"20180607_1711",4139
"20180607_1712",4130
"20180607_1713",4147
"20180607_1714",4166
"20180607_1715",4231
"20180607_1716",4163
"20180607_1717",4167
"20180607_1718",4157
"20180607_1719",4276
"20180607_1720",4474
"20180607_1721",4506
"20180607_1722",4408
"20180607_1723",4308
"20180607_1724",4583
"20180607_1725",4525
"20180607_1726",4482
"20180607_1727",4548
"20180607_1728",4592
"20180607_1729",4315
"20180607_1730",4565
"20180607_1731",4117
"20180607_1732",4403
"20180607_1733",4624
"20180607_1734",4335
"20180607_1735",4575
"20180607_1736",4590
"20180607_1737",4611
"20180607_1738",4623
"20180607_1739",4648
"20180607_1740",4633
"20180607_1741",4647
"20180607_1742",4833
"20180607_1743",4724
"20180607_1744",4663
"20180607_1745",4682
"20180607_1746",4841
"20180607_1747",4743
"20180607_1748",4408
"20180607_1749",4622
"20180607_1750",4488
"20180607_1751",4485
"20180607_1752",4509
"20180607_1753",4489
"20180607_1754",4406
"20180607_1755",4405
"20180607_1756",4346
"20180607_1757",4376
"20180607_1758",4330
"20180607_1759",4414
"20180607_1800",4238
"20180607_1801",4232
"20180607_1802",4366
"20180607_1803",4151
"20180607_1804",4308
"20180607_1805",4349
"20180607_1806",4111
"20180607_1807",4218
"20180607_1808",4318
"20180607_1809",4308
"20180607_1810",4349
"20180607_1811",4416
"20180607_1812",4169
"20180607_1813",4067
"20180607_1814",4369
"20180607_1815",4069
"20180607_1816",4294
"20180607_1817",4248
"20180607_1818",4066
"20180607_1819",3976
"20180607_1820",4030
"20180607_1821",4001
"20180607_1822",3974
"20180607_1823",4051
"20180607_1824",3948
"20180607_1825",4067
"20180607_1826",4008
"20180607_1827",3859
"20180607_1828",3926
"20180607_1829",3790
"20180607_1830",3852
"20180607_1831",3859
"20180607_1832",3868
"20180607_1833",3917
"20180607_1834",3834
"20180607_1835",3771
"20180607_1836",3870
"20180607_1837",3671
"20180607_1838",3881
"20180607_1839",3779
"20180607_1840",3806
"20180607_1841",3825
"20180607_1842",3683
"20180607_1843",3711
"20180607_1844",3681
"20180607_1845",3536
"20180607_1846",3903
"20180607_1847",3652
"20180607_1848",3718
"20180607_1849",3746
"20180607_1850",3806
"20180607_1851",3701
"20180607_1852",3874
"20180607_1853",3700
"20180607_1854",3923
"20180607_1855",3975
"20180607_1856",3968
"20180607_1857",3642
"20180607_1858",3654
"20180607_1859",4026
"20180607_1900",3950
"20180607_1901",3975
"20180607_1902",3849
"20180607_1903",3704
"20180607_1904",3684
"20180607_1905",3587
"20180607_1906",3530
"20180607_1907",3652
"20180607_1908",3612
"20180607_1909",3875
"20180607_1910",3874
"20180607_1911",3702
"20180607_1912",3576
"20180607_1913",3484
"20180607_1914",3482
"20180607_1915",3622
"20180607_1916",3444
"20180607_1917",3508
"20180607_1918",3460
"20180607_1919",3349
"20180607_1920",3364
"20180607_1921",3540
"20180607_1922",3344
"20180607_1923",3428
"20180607_1924",3337
"20180607_1925",3530
"20180607_1926",3312
"20180607_1927",3254
"20180607_1928",3312
"20180607_1929",3518
"20180607_1930",3345
"20180607_1931",3278
"20180607_1932",3182
"20180607_1933",3517
"20180607_1934",3231
"20180607_1935",3333
"20180607_1936",3271
"20180607_1937",3302
"20180607_1938",3144
"20180607_1939",3123
"20180607_1940",3294
"20180607_1941",3189
"20180607_1942",3132
"20180607_1943",3248
"20180607_1944",3172
"20180607_1945",3065
"20180607_1946",3165
"20180607_1947",3135
"20180607_1948",3262
"20180607_1949",3113
"20180607_1950",3178
"20180607_1951",3068
"20180607_1952",3014
"20180607_1953",3131
"20180607_1954",3210
"20180607_1955",3211
"20180607_1956",3231
"20180607_1957",3150
"20180607_1958",3071
"20180607_1959",2997
"20180607_2000",3170
"20180607_2001",3169
"20180607_2002",3225
"20180607_2003",3012
"20180607_2004",3084
"20180607_2005",3040
"20180607_2006",3185
"20180607_2007",3053
"20180607_2008",3028
"20180607_2009",3106
"20180607_2010",3137
"20180607_2011",3069
"20180607_2012",3024
"20180607_2013",3044
"20180607_2014",2952
"20180607_2015",3092
"20180607_2016",3060
"20180607_2017",3025
"20180607_2018",3082
"20180607_2019",3122
"20180607_2020",3014
"20180607_2021",2884
"20180607_2022",3072
"20180607_2023",2892
"20180607_2024",2869
"20180607_2025",2843
"20180607_2026",3026
"20180607_2027",3027
"20180607_2028",2838
"20180607_2029",2848
"20180607_2030",2977
"20180607_2031",3079
"20180607_2032",2891
"20180607_2033",3262
"20180607_2034",2942
"20180607_2035",3104
"20180607_2036",3115
"20180607_2037",3177
"20180607_2038",2911
"20180607_2039",2960
"20180607_2040",3082
"20180607_2041",2976
"20180607_2042",3096
"20180607_2043",3004
"20180607_2044",2918
"20180607_2045",2890
"20180607_2046",3013
"20180607_2047",2930
"20180607_2048",2953
"20180607_2049",2917
"20180607_2050",2971
"20180607_2051",2974
"20180607_2052",2873
"20180607_2053",2727
"20180607_2054",3045
"20180607_2055",2883
"20180607_2056",2755
"20180607_2057",2831
"20180607_2058",2775
"20180607_2059",2770
"20180607_2100",2618
"20180607_2101",2697
"20180607_2102",2738
"20180607_2103",2715
"20180607_2104",2763
"20180607_2105",2874
"20180607_2106",2617
"20180607_2107",2666
"20180607_2108",2704
"20180607_2109",2619
"20180607_2110",2555
"20180607_2111",2676
"20180607_2112",2518
"20180607_2113",2554
"20180607_2114",2489
"20180607_2115",2529
"20180607_2116",2710
"20180607_2117",2414
"20180607_2118",2445
"20180607_2119",2382
"20180607_2120",2423
"20180607_2121",2510
"20180607_2122",2506
"20180607_2123",2299
"20180607_2124",2472
"20180607_2125",2442
"20180607_2126",2367
"20180607_2127",2338
"20180607_2128",2526
"20180607_2129",2293
"20180607_2130",2424
"20180607_2131",2361
"20180607_2132",2275
"20180607_2133",2265
"20180607_2134",2448
"20180607_2135",2369
"20180607_2136",2313
"20180607_2137",2255
"20180607_2138",2220
"20180607_2139",2149
"20180607_2140",2422
"20180607_2141",2345
"20180607_2142",2212
"20180607_2143",2313
"20180607_2144",2196
"20180607_2145",2184
"20180607_2146",2274
"20180607_2147",2177
"20180607_2148",2317
"20180607_2149",2335
"20180607_2150",2361
"20180607_2151",2182
"20180607_2152",2294
"20180607_2153",2396
"20180607_2154",2468
"20180607_2155",2420
"20180607_2156",2570
"20180607_2157",2335
"20180607_2158",2285
"20180607_2159",2276
"20180607_2200",2355
"20180607_2201",2199
"20180607_2202",2283
"20180607_2203",2219
"20180607_2204",2275
"20180607_2205",2141
"20180607_2206",2234
"20180607_2207",2108
"20180607_2208",2014
"20180607_2209",2136
"20180607_2210",2201
"20180607_2211",2072
"20180607_2212",2015
"20180607_2213",2009
"20180607_2214",2135
"20180607_2215",1942
"20180607_2216",2068
"20180607_2217",2038
"20180607_2218",2057
"20180607_2219",2001
"20180607_2220",1897
"20180607_2221",2037
"20180607_2222",2063
"20180607_2223",2066
"20180607_2224",1920
"20180607_2225",2008
"20180607_2226",1944
"20180607_2227",2259
"20180607_2228",2081
"20180607_2229",1898
"20180607_2230",2144
"20180607_2231",1943
"20180607_2232",1790
"20180607_2233",1828
"20180607_2234",1929
"20180607_2235",2058
"20180607_2236",1684
"20180607_2237",1817
"20180607_2238",1760
"20180607_2239",1652
"20180607_2240",1931
"20180607_2241",1792
"20180607_2242",1775
"20180607_2243",1635
"20180607_2244",1908
"20180607_2245",1771
"20180607_2246",1564
"20180607_2247",1514
"20180607_2248",1677
"20180607_2249",1617
"20180607_2250",1572
"20180607_2251",1589
"20180607_2252",1508
"20180607_2253",1656
"20180607_2254",1575
"20180607_2255",1578
"20180607_2256",1643
"20180607_2257",1552
"20180607_2258",1508
"20180607_2259",1490
"20180607_2300",1407
"20180607_2301",1477
"20180607_2302",1485
"20180607_2303",1430
"20180607_2304",1413
"20180607_2305",1340
"20180607_2306",1460
"20180607_2307",1328
"20180607_2308",1418
"20180607_2309",1266
"20180607_2310",1445
"20180607_2311",1288
"20180607_2312",1308
"20180607_2313",1376
"20180607_2314",1261
"20180607_2315",1287
"20180607_2316",1271
"20180607_2317",1240
"20180607_2318",1124
"20180607_2319",1222
"20180607_2320",1232
"20180607_2321",1148
"20180607_2322",1152
"20180607_2323",1262
"20180607_2324",1056
"20180607_2325",1110
"20180607_2326",1167
"20180607_2327",1060
"20180607_2328",1017
"20180607_2329",1014
"20180607_2330",1069
"20180607_2331",948
"20180607_2332",1082
"20180607_2333",999
"20180607_2334",1002
"20180607_2335",952
"20180607_2336",1051
"20180607_2337",1017
"20180607_2338",861
"20180607_2339",966
"20180607_2340",1052
"20180607_2341",911
"20180607_2342",893
"20180607_2343",1025
"20180607_2344",1002
"20180607_2345",924
"20180607_2346",985
"20180607_2347",869
"20180607_2348",921
"20180607_2349",960
"20180607_2350",824
"20180607_2351",800
"20180607_2352",782
"20180607_2353",841
"20180607_2354",805
"20180607_2355",823
"20180607_2356",822
"20180607_2357",839
"20180607_2358",772
"20180607_2359",16